20,100,0,2.30500,2.37120,20,100,0,2.85000,2.75000,0,133,2.30500,2.37120,0.00600,1,2.30500,2.37040,0.00600,1,2.41340,2.37040,0.00600,1,2.41300,2.37060,0.00600,1,2.43120,2.34920,0.00600,1,2.69280,2.34920,0.00600,1,2.69000,2.84000,0.00600,2,2.85000,2.84000,0.00600,1,2.85000,2.75000,0.00600,1,0,0,0,0,0,0,0,0,0,0,0,0,0,0,0,0,0,0,0,0,0,0,0,0,0,0,0,0,0,0,0,0,0,0,0,0,0,0,0,0,0,0,0,0,0,0,0,0,0,0,0,0,0,0,0,0,0,0,0,0,0,0,0,0,0,0,0,0,0,0,0,0,0,0,0,0,0,0,0,0,0,0,0,0,0,0,0,0,0,0,0,0,0,0,0,0,0,0,0,0,0,0,0,0,0,0,0,0,0,0,0,0,0,0,0,0,0,0,0,0,0,0,0,0,0,0,0,0,0,0,0,0,0,0,0,0,0,0,0,0,0,0,0,0,0,0,0,0,0,0,0,0,0,0,0,0,0,0,0,0,0,0,0,0,0,0,0,0,0,0,0
20,100,0,2.30500,2.37120,20,100,0,3.85000,2.75000,0,133,2.30500,2.37120,0.00600,1,2.30500,2.37040,0.00600,1,2.41340,2.37040,0.00600,1,2.41300,2.37060,0.00600,1,2.43120,2.34920,0.00600,1,2.69280,2.34920,0.00600,1,2.69000,2.84000,0.00600,2,2.85000,2.84000,0.00600,1,3.85000,2.84000,0.00600,1,3.85000,2.75000,0.00600,1,0,0,0,0,0,0,0,0,0,0,0,0,0,0,0,0,0,0,0,0,0,0,0,0,0,0,0,0,0,0,0,0,0,0,0,0,0,0,0,0,0,0,0,0,0,0,0,0,0,0,0,0,0,0,0,0,0,0,0,0,0,0,0,0,0,0,0,0,0,0,0,0,0,0,0,0,0,0,0,0,0,0,0,0,0,0,0,0,0,0,0,0,0,0,0,0,0,0,0,0,0,0,0,0,0,0,0,0,0,0,0,0,0,0,0,0,0,0,0,0,0,0,0,0,0,0,0,0,0,0,0,0,0,0,0,0,0,0,0,0,0,0,0,0,0,0,0,0,0,0,0,0,0,0,0,0,0,0,0,0,0,0,0,0,0,0,0
20,100,0,2.30500,2.37120,20,100,0,4.83500,1.91600,0,133,2.30500,2.37120,0.00600,1,2.30500,2.37040,0.00600,1,2.41340,2.37040,0.00600,1,2.41300,2.37060,0.00600,1,2.43120,2.34920,0.00600,1,2.69280,2.34920,0.00600,1,2.69000,2.84000,0.00600,2,2.85000,2.84000,0.00600,1,3.85000,2.84000,0.00600,1,4.83500,2.84000,0.00600,5,4.83500,2.17000,0.00600,2,4.83500,1.98000,0.00600,2,4.83500,1.91600,0.00600,1,0,0,0,0,0,0,0,0,0,0,0,0,0,0,0,0,0,0,0,0,0,0,0,0,0,0,0,0,0,0,0,0,0,0,0,0,0,0,0,0,0,0,0,0,0,0,0,0,0,0,0,0,0,0,0,0,0,0,0,0,0,0,0,0,0,0,0,0,0,0,0,0,0,0,0,0,0,0,0,0,0,0,0,0,0,0,0,0,0,0,0,0,0,0,0,0,0,0,0,0,0,0,0,0,0,0,0,0,0,0,0,0,0,0,0,0,0,0,0,0,0,0,0,0,0,0,0,0,0,0,0,0,0,0,0,0,0,0,0,0,0,0,0,0,0,0,0,0,0,0,0,0,0,0,0
20,100,0,2.30500,2.37120,20,100,0,5.03500,1.91600,0,133,2.30500,2.37120,0.00600,1,2.30500,2.37040,0.00600,1,2.41340,2.37040,0.00600,1,2.41300,2.37060,0.00600,1,2.43120,2.34920,0.00600,1,2.69280,2.34920,0.00600,1,2.69000,2.84000,0.00600,2,2.85000,2.84000,0.00600,1,3.85000,2.84000,0.00600,1,4.83500,2.84000,0.00600,5,4.83500,2.17000,0.00600,2,4.83600,2.17000,0.00600,2,4.95750,2.17000,0.00600,1,5.09250,2.17000,0.00600,1,5.09250,2.17000,0.00600,1,5.26250,2.17000,0.00600,1,5.26750,2.16500,0.00600,1,5.40250,2.16500,0.00600,1,5.40250,2.16500,0.00600,1,5.53100,2.03550,0.00600,1,5.63200,2.03550,0.00600,1,5.64250,2.02500,0.00600,1,5.64250,1.90400,0.00600,1,5.50750,1.90400,0.00600,1,5.50750,1.90400,0.00600,1,5.50650,1.90500,0.00600,1,5.32750,1.90500,0.00600,1,5.19250,1.90500,0.00600,1,5.19250,1.90500,0.00600,1,5.19200,1.95000,0.00600,1,5.19200,1.99950,0.00600,1,5.18150,2.01000,0.00600,1,5.03500,2.01000,0.00600,1,5.03500,1.91600,0.00600,1,0,0,0,0,0,0,0,0,0,0,0,0,0,0,0,0,0,0,0,0,0,0,0,0,0,0,0,0,0,0,0,0,0,0,0,0,0,0,0,0,0,0,0,0,0,0,0,0,0,0,0,0,0,0,0,0,0,0,0,0,0,0,0,0,0,0,0,0,0,0,0
20,100,0,2.30500,2.37120,20,100,0,4.33500,1.91600,0,133,2.30500,2.37120,0.00600,1,2.30500,2.37040,0.00600,1,2.41340,2.37040,0.00600,1,2.41300,2.37060,0.00600,1,2.43120,2.34920,0.00600,1,2.69280,2.34920,0.00600,1,2.69000,2.84000,0.00600,2,2.85000,2.84000,0.00600,1,3.85000,2.84000,0.00600,1,4.83500,2.84000,0.00600,5,4.83500,2.17000,0.00600,2,4.83600,2.17000,0.00600,2,4.95750,2.17000,0.00600,1,5.09250,2.17000,0.00600,1,5.09250,2.17000,0.00600,1,5.26250,2.17000,0.00600,1,5.26750,2.16500,0.00600,1,5.40250,2.16500,0.00600,1,5.40250,2.16500,0.00600,1,5.53100,2.03550,0.00600,1,5.63200,2.03550,0.00600,1,5.64250,2.02500,0.00600,1,5.64250,1.90400,0.00600,1,5.50750,1.90400,0.00600,1,5.50750,1.90400,0.00600,1,5.50650,1.90500,0.00600,1,5.32750,1.90500,0.00600,1,5.19250,1.90500,0.00600,1,5.19250,1.90500,0.00600,1,5.19200,1.95000,0.00600,1,5.19200,1.99950,0.00600,1,5.18150,2.01000,0.00600,1,5.03500,2.01000,0.00600,1,4.33500,2.01000,0.00600,1,4.33500,1.91600,0.00600,1,0,0,0,0,0,0,0,0,0,0,0,0,0,0,0,0,0,0,0,0,0,0,0,0,0,0,0,0,0,0,0,0,0,0,0,0,0,0,0,0,0,0,0,0,0,0,0,0,0,0,0,0,0,0,0,0,0,0,0,0,0,0,0,0,0,0,0
20,100,0,2.30500,2.37120,20,100,0,4.05000,2.15000,0,133,2.30500,2.37120,0.00600,1,2.30500,2.37040,0.00600,1,2.41340,2.37040,0.00600,1,2.41300,2.37060,0.00600,1,2.43120,2.34920,0.00600,1,2.69280,2.34920,0.00600,1,2.69000,2.84000,0.00600,2,2.85000,2.84000,0.00600,1,3.85000,2.84000,0.00600,1,4.83500,2.84000,0.00600,5,4.83500,2.17000,0.00600,2,4.83600,2.17000,0.00600,2,4.95750,2.17000,0.00600,1,5.09250,2.17000,0.00600,1,5.09250,2.17000,0.00600,1,5.26250,2.17000,0.00600,1,5.26750,2.16500,0.00600,1,5.40250,2.16500,0.00600,1,5.40250,2.16500,0.00600,1,5.53100,2.03550,0.00600,1,5.63200,2.03550,0.00600,1,5.64250,2.02500,0.00600,1,5.64250,1.90400,0.00600,1,5.50750,1.90400,0.00600,1,5.50750,1.90400,0.00600,1,5.50650,1.90500,0.00600,1,5.32750,1.90500,0.00600,1,5.19250,1.90500,0.00600,1,5.19250,1.90500,0.00600,1,5.19200,1.95000,0.00600,1,5.19200,1.99950,0.00600,1,5.18150,2.01000,0.00600,1,5.03500,2.01000,0.00600,1,4.33500,2.01000,0.00600,1,4.33500,2.13950,0.00600,1,4.32450,2.15000,0.00600,1,4.05000,2.15000,0.00600,1,0,0,0,0,0,0,0,0,0,0,0,0,0,0,0,0,0,0,0,0,0,0,0,0,0,0,0,0,0,0,0,0,0,0,0,0,0,0,0,0,0,0,0,0,0,0,0,0,0,0,0,0,0,0,0,0,0,0,0
20,100,0,2.30500,2.37120,20,100,0,4.05000,2.15000,0,133,2.30500,2.37120,0.00600,1,2.30500,2.37040,0.00600,1,2.41340,2.37040,0.00600,1,2.41300,2.37060,0.00600,1,2.43120,2.34920,0.00600,1,2.69280,2.34920,0.00600,1,2.69000,2.84000,0.00600,2,2.85000,2.84000,0.00600,1,3.85000,2.84000,0.00600,1,4.83500,2.84000,0.00600,5,4.83500,2.17000,0.00600,2,4.83600,2.17000,0.00600,2,4.95750,2.17000,0.00600,1,5.09250,2.17000,0.00600,1,5.09250,2.17000,0.00600,1,5.26250,2.17000,0.00600,1,5.26750,2.16500,0.00600,1,5.40250,2.16500,0.00600,1,5.40250,2.16500,0.00600,1,5.53100,2.03550,0.00600,1,5.63200,2.03550,0.00600,1,5.64250,2.02500,0.00600,1,5.64250,1.90400,0.00600,1,5.50750,1.90400,0.00600,1,5.50750,1.90400,0.00600,1,5.50650,1.90500,0.00600,1,5.32750,1.90500,0.00600,1,5.19250,1.90500,0.00600,1,5.19250,1.90500,0.00600,1,5.19200,1.95000,0.00600,1,5.19200,1.99950,0.00600,1,5.18150,2.01000,0.00600,1,5.03500,2.01000,0.00600,1,4.33500,2.01000,0.00600,1,4.33500,2.13950,0.00600,1,4.32450,2.15000,0.00600,1,4.05000,2.15000,0.00600,1,0,0,0,0,0,0,0,0,0,0,0,0,0,0,0,0,0,0,0,0,0,0,0,0,0,0,0,0,0,0,0,0,0,0,0,0,0,0,0,0,0,0,0,0,0,0,0,0,0,0,0,0,0,0,0,0,0,0,0
20,100,0,2.30500,2.37120,20,100,0,4.05000,2.15000,0,133,2.30500,2.37120,0.00600,1,2.30500,2.37040,0.00600,1,2.41340,2.37040,0.00600,1,2.41300,2.37060,0.00600,1,2.43120,2.34920,0.00600,1,2.69280,2.34920,0.00600,1,2.69000,2.84000,0.00600,2,2.85000,2.84000,0.00600,1,3.85000,2.84000,0.00600,1,4.83500,2.84000,0.00600,5,4.83500,2.17000,0.00600,2,4.83600,2.17000,0.00600,2,4.95750,2.17000,0.00600,1,5.09250,2.17000,0.00600,1,5.09250,2.17000,0.00600,1,5.26250,2.17000,0.00600,1,5.26750,2.16500,0.00600,1,5.40250,2.16500,0.00600,1,5.40250,2.16500,0.00600,1,5.53100,2.03550,0.00600,1,5.63200,2.03550,0.00600,1,5.64250,2.02500,0.00600,1,5.64250,1.90400,0.00600,1,5.50750,1.90400,0.00600,1,5.50750,1.90400,0.00600,1,5.50650,1.90500,0.00600,1,5.32750,1.90500,0.00600,1,5.19250,1.90500,0.00600,1,5.19250,1.90500,0.00600,1,5.19200,1.95000,0.00600,1,5.19200,1.99950,0.00600,1,5.18150,2.01000,0.00600,1,5.03500,2.01000,0.00600,1,4.33500,2.01000,0.00600,1,4.33500,2.13950,0.00600,1,4.32450,2.15000,0.00600,1,4.05000,2.15000,0.00600,1,0,0,0,0,0,0,0,0,0,0,0,0,0,0,0,0,0,0,0,0,0,0,0,0,0,0,0,0,0,0,0,0,0,0,0,0,0,0,0,0,0,0,0,0,0,0,0,0,0,0,0,0,0,0,0,0,0,0,0
20,100,0,2.30500,2.37120,20,100,0,4.05000,2.15000,0,133,2.30500,2.37120,0.00600,1,2.30500,2.37040,0.00600,1,2.41340,2.37040,0.00600,1,2.41300,2.37060,0.00600,1,2.43120,2.34920,0.00600,1,2.69280,2.34920,0.00600,1,2.69000,2.84000,0.00600,2,2.85000,2.84000,0.00600,1,3.85000,2.84000,0.00600,1,4.83500,2.84000,0.00600,5,4.83500,2.17000,0.00600,2,4.83600,2.17000,0.00600,2,4.95750,2.17000,0.00600,1,5.09250,2.17000,0.00600,1,5.09250,2.17000,0.00600,1,5.26250,2.17000,0.00600,1,5.26750,2.16500,0.00600,1,5.40250,2.16500,0.00600,1,5.40250,2.16500,0.00600,1,5.53100,2.03550,0.00600,1,5.63200,2.03550,0.00600,1,5.64250,2.02500,0.00600,1,5.64250,1.90400,0.00600,1,5.50750,1.90400,0.00600,1,5.50750,1.90400,0.00600,1,5.50650,1.90500,0.00600,1,5.32750,1.90500,0.00600,1,5.19250,1.90500,0.00600,1,5.19250,1.90500,0.00600,1,5.19200,1.95000,0.00600,1,5.19200,1.99950,0.00600,1,5.18150,2.01000,0.00600,1,5.03500,2.01000,0.00600,1,4.33500,2.01000,0.00600,1,4.33500,2.13950,0.00600,1,4.32450,2.15000,0.00600,1,4.05000,2.15000,0.00600,1,0,0,0,0,0,0,0,0,0,0,0,0,0,0,0,0,0,0,0,0,0,0,0,0,0,0,0,0,0,0,0,0,0,0,0,0,0,0,0,0,0,0,0,0,0,0,0,0,0,0,0,0,0,0,0,0,0,0,0
20,100,0,2.30500,2.37120,20,100,0,2.80000,2.35000,0,133,2.30500,2.37120,0.00600,1,2.30500,2.37040,0.00600,1,2.41340,2.37040,0.00600,1,2.41300,2.37060,0.00600,1,2.43120,2.34920,0.00600,1,2.69280,2.34920,0.00600,1,2.80000,2.35000,0.00600,1,0,0,0,0,0,0,0,0,0,0,0,0,0,0,0,0,0,0,0,0,0,0,0,0,0,0,0,0,0,0,0,0,0,0,0,0,0,0,0,0,0,0,0,0,0,0,0,0,0,0,0,0,0,0,0,0,0,0,0,0,0,0,0,0,0,0,0,0,0,0,0,0,0,0,0,0,0,0,0,0,0,0,0,0,0,0,0,0,0,0,0,0,0,0,0,0,0,0,0,0,0,0,0,0,0,0,0,0,0,0,0,0,0,0,0,0,0,0,0,0,0,0,0,0,0,0,0,0,0,0,0,0,0,0,0,0,0,0,0,0,0,0,0,0,0,0,0,0,0,0,0,0,0,0,0,0,0,0,0,0,0,0,0,0,0,0,0,0,0,0,0,0,0,0,0,0,0,0,0
20,100,0,0.35000,0.95000,20,100,0,1.30320,2.60500,0,133,0.35000,0.95000,0.00600,1,0.35000,0.82550,0.00600,1,0.33950,0.81500,0.00600,1,0.14050,0.81500,0.00600,1,0.13000,0.82550,0.00600,1,0.13000,1.63950,0.00600,1,0.14050,1.65000,0.00600,1,0.66150,1.65000,0.00600,1,0.67200,1.66050,0.00600,1,0.67200,1.70450,0.00600,1,0.66150,1.71500,0.00600,1,0.22050,1.71500,0.00600,1,0.21000,1.72550,0.00600,1,0.21000,1.76950,0.00600,1,0.22050,1.78000,0.00600,1,0.56050,1.78000,0.00600,1,0.57100,1.79050,0.00600,1,0.57100,1.83450,0.00600,1,0.56050,1.84500,0.00600,1,0.23550,1.84500,0.00600,1,0.22500,1.85550,0.00600,1,0.22500,1.89250,0.00600,1,0.23550,1.90300,0.00600,1,0.70550,1.90300,0.00600,1,0.71600,1.91350,0.00600,1,0.71600,1.93850,0.00600,1,0.71700,1.93950,0.00600,1,0.70650,1.95000,0.00600,1,0.24450,1.95000,0.00600,1,0.23400,1.96050,0.00600,1,0.23400,1.99950,0.00600,1,0.24450,2.01000,0.00600,1,0.69850,2.01000,0.00600,1,0.70900,2.02050,0.00600,1,0.70900,2.05350,0.00600,1,0.69850,2.06400,0.00600,1,0.23050,2.06400,0.00600,1,0.22000,2.07450,0.00600,1,0.22000,2.09950,0.00600,1,0.23050,2.11000,0.00600,1,0.63450,2.11000,0.00600,1,0.64500,2.12050,0.00600,1,0.64500,2.14950,0.00600,1,0.63450,2.16000,0.00600,1,0.23050,2.16000,0.00600,1,0.22000,2.17050,0.00600,1,0.22000,2.20350,0.00600,1,0.23050,2.21400,0.00600,1,0.64350,2.21400,0.00600,1,0.65400,2.22450,0.00600,1,0.65400,2.25450,0.00600,1,0,0,0
20,100,0,6.40000,0.40000,20,100,0,1.55920,2.60500,0,133,6.40000,0.40000,0.00600,1,6.40000,0.32000,0.00600,1,6.32500,0.24500,0.00600,1,3.02500,0.24500,0.00600,1,2.78100,0.48900,0.00600,1,1.60000,0.48900,0.00600,1,1.60000,2.52500,0.00600,2,1.57720,2.52500,0.00600,1,1.55920,2.54300,0.00600,1,1.55920,2.60500,0.00600,1,0,0,0,0,0,0,0,0,0,0,0,0,0,0,0,0,0,0,0,0,0,0,0,0,0,0,0,0,0,0,0,0,0,0,0,0,0,0,0,0,0,0,0,0,0,0,0,0,0,0,0,0,0,0,0,0,0,0,0,0,0,0,0,0,0,0,0,0,0,0,0,0,0,0,0,0,0,0,0,0,0,0,0,0,0,0,0,0,0,0,0,0,0,0,0,0,0,0,0,0,0,0,0,0,0,0,0,0,0,0,0,0,0,0,0,0,0,0,0,0,0,0,0,0,0,0,0,0,0,0,0,0,0,0,0,0,0,0,0,0,0,0,0,0,0,0,0,0,0,0,0,0,0,0,0,0,0,0,0,0,0,0,0,0,0,0,0
20,100,0,2.63250,1.07800,20,100,0,1.40560,1.39500,0,133,2.63250,1.07800,0.00600,1,2.63250,1.14750,0.00600,1,2.57000,1.21000,0.00600,1,1.42500,1.21000,0.00600,1,1.40500,1.23000,0.00600,1,1.40560,1.39500,0.00600,1,0,0,0,0,0,0,0,0,0,0,0,0,0,0,0,0,0,0,0,0,0,0,0,0,0,0,0,0,0,0,0,0,0,0,0,0,0,0,0,0,0,0,0,0,0,0,0,0,0,0,0,0,0,0,0,0,0,0,0,0,0,0,0,0,0,0,0,0,0,0,0,0,0,0,0,0,0,0,0,0,0,0,0,0,0,0,0,0,0,0,0,0,0,0,0,0,0,0,0,0,0,0,0,0,0,0,0,0,0,0,0,0,0,0,0,0,0,0,0,0,0,0,0,0,0,0,0,0,0,0,0,0,0,0,0,0,0,0,0,0,0,0,0,0,0,0,0,0,0,0,0,0,0,0,0,0,0,0,0,0,0,0,0,0,0,0,0,0,0,0,0,0,0,0,0,0,0,0,0,0,0,0,0
20,100,0,2.65750,1.07800,20,100,0,1.43120,1.39500,0,133,2.65750,1.07800,0.00600,1,2.65750,1.15250,0.00600,1,2.58500,1.22500,0.00600,1,1.44500,1.22500,0.00600,1,1.43000,1.24000,0.00600,1,1.43000,1.36900,0.00600,1,1.43120,1.39500,0.00600,1,0,0,0,0,0,0,0,0,0,0,0,0,0,0,0,0,0,0,0,0,0,0,0,0,0,0,0,0,0,0,0,0,0,0,0,0,0,0,0,0,0,0,0,0,0,0,0,0,0,0,0,0,0,0,0,0,0,0,0,0,0,0,0,0,0,0,0,0,0,0,0,0,0,0,0,0,0,0,0,0,0,0,0,0,0,0,0,0,0,0,0,0,0,0,0,0,0,0,0,0,0,0,0,0,0,0,0,0,0,0,0,0,0,0,0,0,0,0,0,0,0,0,0,0,0,0,0,0,0,0,0,0,0,0,0,0,0,0,0,0,0,0,0,0,0,0,0,0,0,0,0,0,0,0,0,0,0,0,0,0,0,0,0,0,0,0,0,0,0,0,0,0,0,0,0,0,0,0,0
20,100,0,2.70750,1.07800,20,100,0,1.45680,1.39500,0,133,2.70750,1.07800,0.00600,1,2.70750,1.16750,0.00600,1,2.63500,1.24000,0.00600,1,1.47000,1.24000,0.00600,1,1.45500,1.25500,0.00600,1,1.45500,1.36800,0.00600,1,1.45680,1.39500,0.00600,1,0,0,0,0,0,0,0,0,0,0,0,0,0,0,0,0,0,0,0,0,0,0,0,0,0,0,0,0,0,0,0,0,0,0,0,0,0,0,0,0,0,0,0,0,0,0,0,0,0,0,0,0,0,0,0,0,0,0,0,0,0,0,0,0,0,0,0,0,0,0,0,0,0,0,0,0,0,0,0,0,0,0,0,0,0,0,0,0,0,0,0,0,0,0,0,0,0,0,0,0,0,0,0,0,0,0,0,0,0,0,0,0,0,0,0,0,0,0,0,0,0,0,0,0,0,0,0,0,0,0,0,0,0,0,0,0,0,0,0,0,0,0,0,0,0,0,0,0,0,0,0,0,0,0,0,0,0,0,0,0,0,0,0,0,0,0,0,0,0,0,0,0,0,0,0,0,0,0,0
20,100,0,2.73250,1.07800,20,100,0,1.48240,1.39500,0,133,2.73250,1.07800,0.00600,1,2.73250,1.17750,0.00600,1,2.65000,1.26000,0.00600,1,1.50000,1.26000,0.00600,1,1.48200,1.27800,0.00600,1,1.48200,1.35900,0.00600,1,1.48240,1.39500,0.00600,1,0,0,0,0,0,0,0,0,0,0,0,0,0,0,0,0,0,0,0,0,0,0,0,0,0,0,0,0,0,0,0,0,0,0,0,0,0,0,0,0,0,0,0,0,0,0,0,0,0,0,0,0,0,0,0,0,0,0,0,0,0,0,0,0,0,0,0,0,0,0,0,0,0,0,0,0,0,0,0,0,0,0,0,0,0,0,0,0,0,0,0,0,0,0,0,0,0,0,0,0,0,0,0,0,0,0,0,0,0,0,0,0,0,0,0,0,0,0,0,0,0,0,0,0,0,0,0,0,0,0,0,0,0,0,0,0,0,0,0,0,0,0,0,0,0,0,0,0,0,0,0,0,0,0,0,0,0,0,0,0,0,0,0,0,0,0,0,0,0,0,0,0,0,0,0,0,0,0,0
20,100,0,1.09500,2.37120,20,100,0,0.85000,1.25000,0,133,1.09500,2.37120,0.00600,1,1.09370,2.37250,0.00600,1,0.91500,2.37250,0.00600,1,0.84000,2.44750,0.00600,1,0.84000,2.31250,0.00600,1,0.84000,2.31250,0.00600,1,0.84900,2.31250,0.00600,1,0.84900,2.24600,0.00600,1,0.84900,1.25000,0.00600,5,0.85000,1.25000,0.00600,5,0,0,0,0,0,0,0,0,0,0,0,0,0,0,0,0,0,0,0,0,0,0,0,0,0,0,0,0,0,0,0,0,0,0,0,0,0,0,0,0,0,0,0,0,0,0,0,0,0,0,0,0,0,0,0,0,0,0,0,0,0,0,0,0,0,0,0,0,0,0,0,0,0,0,0,0,0,0,0,0,0,0,0,0,0,0,0,0,0,0,0,0,0,0,0,0,0,0,0,0,0,0,0,0,0,0,0,0,0,0,0,0,0,0,0,0,0,0,0,0,0,0,0,0,0,0,0,0,0,0,0,0,0,0,0,0,0,0,0,0,0,0,0,0,0,0,0,0,0,0,0,0,0,0,0,0,0,0,0,0,0,0,0,0,0,0,0
20,100,0,6.20000,1.50000,20,100,0,0.45000,1.25000,0,133,6.20000,1.50000,0.00600,1,6.20000,1.34500,0.00600,1,5.46600,1.34500,0.00600,1,5.46500,1.34400,0.00600,1,5.46500,0.33700,0.00600,2,5.46500,0.33950,0.00600,1,5.46450,0.34000,0.00600,1,5.02000,0.34000,0.00600,1,3.20500,0.34000,0.00600,1,2.98000,0.56500,0.00600,1,1.16550,0.56500,0.00600,1,1.15500,0.57550,0.00600,1,1.15500,1.16950,0.00600,1,1.14450,1.18000,0.00600,1,0.46050,1.18000,0.00600,1,0.45000,1.19050,0.00600,1,0.45000,1.25000,0.00600,1,0,0,0,0,0,0,0,0,0,0,0,0,0,0,0,0,0,0,0,0,0,0,0,0,0,0,0,0,0,0,0,0,0,0,0,0,0,0,0,0,0,0,0,0,0,0,0,0,0,0,0,0,0,0,0,0,0,0,0,0,0,0,0,0,0,0,0,0,0,0,0,0,0,0,0,0,0,0,0,0,0,0,0,0,0,0,0,0,0,0,0,0,0,0,0,0,0,0,0,0,0,0,0,0,0,0,0,0,0,0,0,0,0,0,0,0,0,0,0,0,0,0,0,0,0,0,0,0,0,0,0,0,0,0,0,0,0,0,0
20,100,0,6.20000,1.50000,20,100,0,5.02000,0.62400,0,133,6.20000,1.50000,0.00600,1,6.20000,1.34500,0.00600,1,5.46600,1.34500,0.00600,1,5.46500,1.34400,0.00600,1,5.46500,0.33700,0.00600,2,5.46500,0.33950,0.00600,1,5.46450,0.34000,0.00600,1,5.02000,0.34000,0.00600,1,5.02000,0.50400,0.00600,2,5.02000,0.62400,0.00600,1,0,0,0,0,0,0,0,0,0,0,0,0,0,0,0,0,0,0,0,0,0,0,0,0,0,0,0,0,0,0,0,0,0,0,0,0,0,0,0,0,0,0,0,0,0,0,0,0,0,0,0,0,0,0,0,0,0,0,0,0,0,0,0,0,0,0,0,0,0,0,0,0,0,0,0,0,0,0,0,0,0,0,0,0,0,0,0,0,0,0,0,0,0,0,0,0,0,0,0,0,0,0,0,0,0,0,0,0,0,0,0,0,0,0,0,0,0,0,0,0,0,0,0,0,0,0,0,0,0,0,0,0,0,0,0,0,0,0,0,0,0,0,0,0,0,0,0,0,0,0,0,0,0,0,0,0,0,0,0,0,0,0,0,0,0,0,0
20,100,0,6.20000,1.50000,20,100,0,4.97000,0.62400,0,133,6.20000,1.50000,0.00600,1,6.20000,1.34500,0.00600,1,5.46600,1.34500,0.00600,1,5.46500,1.34400,0.00600,1,5.46500,0.33700,0.00600,2,5.46500,0.33950,0.00600,1,5.46450,0.34000,0.00600,1,5.02000,0.34000,0.00600,1,5.02000,0.50400,0.00600,2,5.02000,0.62400,0.00600,1,4.97000,0.62400,0.00600,1,0,0,0,0,0,0,0,0,0,0,0,0,0,0,0,0,0,0,0,0,0,0,0,0,0,0,0,0,0,0,0,0,0,0,0,0,0,0,0,0,0,0,0,0,0,0,0,0,0,0,0,0,0,0,0,0,0,0,0,0,0,0,0,0,0,0,0,0,0,0,0,0,0,0,0,0,0,0,0,0,0,0,0,0,0,0,0,0,0,0,0,0,0,0,0,0,0,0,0,0,0,0,0,0,0,0,0,0,0,0,0,0,0,0,0,0,0,0,0,0,0,0,0,0,0,0,0,0,0,0,0,0,0,0,0,0,0,0,0,0,0,0,0,0,0,0,0,0,0,0,0,0,0,0,0,0,0,0,0,0,0,0,0
20,100,0,6.20000,1.50000,20,100,0,4.92000,0.62400,0,133,6.20000,1.50000,0.00600,1,6.20000,1.34500,0.00600,1,5.46600,1.34500,0.00600,1,5.46500,1.34400,0.00600,1,5.46500,0.33700,0.00600,2,5.46500,0.33950,0.00600,1,5.46450,0.34000,0.00600,1,5.02000,0.34000,0.00600,1,5.02000,0.50400,0.00600,2,5.02000,0.62400,0.00600,1,4.97000,0.62400,0.00600,1,4.92000,0.62400,0.00600,1,0,0,0,0,0,0,0,0,0,0,0,0,0,0,0,0,0,0,0,0,0,0,0,0,0,0,0,0,0,0,0,0,0,0,0,0,0,0,0,0,0,0,0,0,0,0,0,0,0,0,0,0,0,0,0,0,0,0,0,0,0,0,0,0,0,0,0,0,0,0,0,0,0,0,0,0,0,0,0,0,0,0,0,0,0,0,0,0,0,0,0,0,0,0,0,0,0,0,0,0,0,0,0,0,0,0,0,0,0,0,0,0,0,0,0,0,0,0,0,0,0,0,0,0,0,0,0,0,0,0,0,0,0,0,0,0,0,0,0,0,0,0,0,0,0,0,0,0,0,0,0,0,0,0,0,0,0,0,0
20,100,0,6.20000,1.50000,20,100,0,4.87000,0.62400,0,133,6.20000,1.50000,0.00600,1,6.20000,1.34500,0.00600,1,5.46600,1.34500,0.00600,1,5.46500,1.34400,0.00600,1,5.46500,0.33700,0.00600,2,5.46500,0.33950,0.00600,1,5.46450,0.34000,0.00600,1,5.02000,0.34000,0.00600,1,5.02000,0.50400,0.00600,2,5.02000,0.62400,0.00600,1,4.97000,0.62400,0.00600,1,4.92000,0.62400,0.00600,1,4.87000,0.62400,0.00600,1,0,0,0,0,0,0,0,0,0,0,0,0,0,0,0,0,0,0,0,0,0,0,0,0,0,0,0,0,0,0,0,0,0,0,0,0,0,0,0,0,0,0,0,0,0,0,0,0,0,0,0,0,0,0,0,0,0,0,0,0,0,0,0,0,0,0,0,0,0,0,0,0,0,0,0,0,0,0,0,0,0,0,0,0,0,0,0,0,0,0,0,0,0,0,0,0,0,0,0,0,0,0,0,0,0,0,0,0,0,0,0,0,0,0,0,0,0,0,0,0,0,0,0,0,0,0,0,0,0,0,0,0,0,0,0,0,0,0,0,0,0,0,0,0,0,0,0,0,0,0,0,0,0,0,0
20,100,0,5.02000,0.62400,20,100,0,4.97000,0.62400,0,133,5.02000,0.62400,0.00600,1,4.97000,0.62400,0.00600,1,0,0,0,0,0,0,0,0,0,0,0,0,0,0,0,0,0,0,0,0,0,0,0,0,0,0,0,0,0,0,0,0,0,0,0,0,0,0,0,0,0,0,0,0,0,0,0,0,0,0,0,0,0,0,0,0,0,0,0,0,0,0,0,0,0,0,0,0,0,0,0,0,0,0,0,0,0,0,0,0,0,0,0,0,0,0,0,0,0,0,0,0,0,0,0,0,0,0,0,0,0,0,0,0,0,0,0,0,0,0,0,0,0,0,0,0,0,0,0,0,0,0,0,0,0,0,0,0,0,0,0,0,0,0,0,0,0,0,0,0,0,0,0,0,0,0,0,0,0,0,0,0,0,0,0,0,0,0,0,0,0,0,0,0,0,0,0,0,0,0,0,0,0,0,0,0,0,0,0,0,0,0,0,0,0,0,0,0,0,0,0,0,0,0,0,0,0,0,0
20,100,0,5.02000,0.62400,20,100,0,4.92000,0.62400,0,133,5.02000,0.62400,0.00600,1,4.97000,0.62400,0.00600,1,4.92000,0.62400,0.00600,1,0,0,0,0,0,0,0,0,0,0,0,0,0,0,0,0,0,0,0,0,0,0,0,0,0,0,0,0,0,0,0,0,0,0,0,0,0,0,0,0,0,0,0,0,0,0,0,0,0,0,0,0,0,0,0,0,0,0,0,0,0,0,0,0,0,0,0,0,0,0,0,0,0,0,0,0,0,0,0,0,0,0,0,0,0,0,0,0,0,0,0,0,0,0,0,0,0,0,0,0,0,0,0,0,0,0,0,0,0,0,0,0,0,0,0,0,0,0,0,0,0,0,0,0,0,0,0,0,0,0,0,0,0,0,0,0,0,0,0,0,0,0,0,0,0,0,0,0,0,0,0,0,0,0,0,0,0,0,0,0,0,0,0,0,0,0,0,0,0,0,0,0,0,0,0,0,0,0,0,0,0,0,0,0,0,0,0,0,0,0,0,0,0,0,0
20,100,0,5.02000,0.62400,20,100,0,4.87000,0.62400,0,133,5.02000,0.62400,0.00600,1,4.97000,0.62400,0.00600,1,4.92000,0.62400,0.00600,1,4.87000,0.62400,0.00600,1,0,0,0,0,0,0,0,0,0,0,0,0,0,0,0,0,0,0,0,0,0,0,0,0,0,0,0,0,0,0,0,0,0,0,0,0,0,0,0,0,0,0,0,0,0,0,0,0,0,0,0,0,0,0,0,0,0,0,0,0,0,0,0,0,0,0,0,0,0,0,0,0,0,0,0,0,0,0,0,0,0,0,0,0,0,0,0,0,0,0,0,0,0,0,0,0,0,0,0,0,0,0,0,0,0,0,0,0,0,0,0,0,0,0,0,0,0,0,0,0,0,0,0,0,0,0,0,0,0,0,0,0,0,0,0,0,0,0,0,0,0,0,0,0,0,0,0,0,0,0,0,0,0,0,0,0,0,0,0,0,0,0,0,0,0,0,0,0,0,0,0,0,0,0,0,0,0,0,0,0,0,0,0,0,0,0,0,0,0,0,0
20,100,0,4.97000,0.62400,20,100,0,4.92000,0.62400,0,133,4.97000,0.62400,0.00600,1,4.92000,0.62400,0.00600,1,0,0,0,0,0,0,0,0,0,0,0,0,0,0,0,0,0,0,0,0,0,0,0,0,0,0,0,0,0,0,0,0,0,0,0,0,0,0,0,0,0,0,0,0,0,0,0,0,0,0,0,0,0,0,0,0,0,0,0,0,0,0,0,0,0,0,0,0,0,0,0,0,0,0,0,0,0,0,0,0,0,0,0,0,0,0,0,0,0,0,0,0,0,0,0,0,0,0,0,0,0,0,0,0,0,0,0,0,0,0,0,0,0,0,0,0,0,0,0,0,0,0,0,0,0,0,0,0,0,0,0,0,0,0,0,0,0,0,0,0,0,0,0,0,0,0,0,0,0,0,0,0,0,0,0,0,0,0,0,0,0,0,0,0,0,0,0,0,0,0,0,0,0,0,0,0,0,0,0,0,0,0,0,0,0,0,0,0,0,0,0,0,0,0,0,0,0,0,0
20,100,0,4.97000,0.62400,20,100,0,4.87000,0.62400,0,133,4.97000,0.62400,0.00600,1,4.92000,0.62400,0.00600,1,4.87000,0.62400,0.00600,1,0,0,0,0,0,0,0,0,0,0,0,0,0,0,0,0,0,0,0,0,0,0,0,0,0,0,0,0,0,0,0,0,0,0,0,0,0,0,0,0,0,0,0,0,0,0,0,0,0,0,0,0,0,0,0,0,0,0,0,0,0,0,0,0,0,0,0,0,0,0,0,0,0,0,0,0,0,0,0,0,0,0,0,0,0,0,0,0,0,0,0,0,0,0,0,0,0,0,0,0,0,0,0,0,0,0,0,0,0,0,0,0,0,0,0,0,0,0,0,0,0,0,0,0,0,0,0,0,0,0,0,0,0,0,0,0,0,0,0,0,0,0,0,0,0,0,0,0,0,0,0,0,0,0,0,0,0,0,0,0,0,0,0,0,0,0,0,0,0,0,0,0,0,0,0,0,0,0,0,0,0,0,0,0,0,0,0,0,0,0,0,0,0,0,0
20,100,0,4.92000,0.62400,20,100,0,4.87000,0.62400,0,133,4.92000,0.62400,0.00600,1,4.87000,0.62400,0.00600,1,0,0,0,0,0,0,0,0,0,0,0,0,0,0,0,0,0,0,0,0,0,0,0,0,0,0,0,0,0,0,0,0,0,0,0,0,0,0,0,0,0,0,0,0,0,0,0,0,0,0,0,0,0,0,0,0,0,0,0,0,0,0,0,0,0,0,0,0,0,0,0,0,0,0,0,0,0,0,0,0,0,0,0,0,0,0,0,0,0,0,0,0,0,0,0,0,0,0,0,0,0,0,0,0,0,0,0,0,0,0,0,0,0,0,0,0,0,0,0,0,0,0,0,0,0,0,0,0,0,0,0,0,0,0,0,0,0,0,0,0,0,0,0,0,0,0,0,0,0,0,0,0,0,0,0,0,0,0,0,0,0,0,0,0,0,0,0,0,0,0,0,0,0,0,0,0,0,0,0,0,0,0,0,0,0,0,0,0,0,0,0,0,0,0,0,0,0,0,0
20,100,0,2.09680,1.39500,20,100,0,4.42000,1.06600,0,133,2.09680,1.39500,0.00600,1,2.09680,1.35420,0.00600,1,2.11700,1.33400,0.00600,1,2.24200,1.33400,0.00600,1,2.26800,1.36000,0.00600,1,2.44750,1.36000,0.00600,1,2.58250,1.36000,0.00600,1,2.58250,1.36000,0.00600,1,4.40950,1.36000,0.00600,1,4.42000,1.34950,0.00600,1,4.42000,1.06600,0.00600,1,0,0,0,0,0,0,0,0,0,0,0,0,0,0,0,0,0,0,0,0,0,0,0,0,0,0,0,0,0,0,0,0,0,0,0,0,0,0,0,0,0,0,0,0,0,0,0,0,0,0,0,0,0,0,0,0,0,0,0,0,0,0,0,0,0,0,0,0,0,0,0,0,0,0,0,0,0,0,0,0,0,0,0,0,0,0,0,0,0,0,0,0,0,0,0,0,0,0,0,0,0,0,0,0,0,0,0,0,0,0,0,0,0,0,0,0,0,0,0,0,0,0,0,0,0,0,0,0,0,0,0,0,0,0,0,0,0,0,0,0,0,0,0,0,0,0,0,0,0,0,0,0,0,0,0,0,0,0,0,0,0,0,0
20,100,0,0.65000,1.25000,20,100,0,1.09500,2.16640,0,133,0.65000,1.25000,0.00600,1,0.65500,1.25000,0.00600,1,0.65500,1.43500,0.00600,1,0.89000,1.67000,0.00600,1,0.89000,2.16640,0.00600,8,1.09500,2.16640,0.00600,1,0,0,0,0,0,0,0,0,0,0,0,0,0,0,0,0,0,0,0,0,0,0,0,0,0,0,0,0,0,0,0,0,0,0,0,0,0,0,0,0,0,0,0,0,0,0,0,0,0,0,0,0,0,0,0,0,0,0,0,0,0,0,0,0,0,0,0,0,0,0,0,0,0,0,0,0,0,0,0,0,0,0,0,0,0,0,0,0,0,0,0,0,0,0,0,0,0,0,0,0,0,0,0,0,0,0,0,0,0,0,0,0,0,0,0,0,0,0,0,0,0,0,0,0,0,0,0,0,0,0,0,0,0,0,0,0,0,0,0,0,0,0,0,0,0,0,0,0,0,0,0,0,0,0,0,0,0,0,0,0,0,0,0,0,0,0,0,0,0,0,0,0,0,0,0,0,0,0,0,0,0,0,0
20,100,0,1.09500,2.14080,20,100,0,0.75000,1.25000,0,133,1.09500,2.14080,0.00600,1,0.91500,2.14080,0.00600,1,0.91500,1.64500,0.00600,8,0.75000,1.48000,0.00600,1,0.75000,1.25000,0.00600,1,0,0,0,0,0,0,0,0,0,0,0,0,0,0,0,0,0,0,0,0,0,0,0,0,0,0,0,0,0,0,0,0,0,0,0,0,0,0,0,0,0,0,0,0,0,0,0,0,0,0,0,0,0,0,0,0,0,0,0,0,0,0,0,0,0,0,0,0,0,0,0,0,0,0,0,0,0,0,0,0,0,0,0,0,0,0,0,0,0,0,0,0,0,0,0,0,0,0,0,0,0,0,0,0,0,0,0,0,0,0,0,0,0,0,0,0,0,0,0,0,0,0,0,0,0,0,0,0,0,0,0,0,0,0,0,0,0,0,0,0,0,0,0,0,0,0,0,0,0,0,0,0,0,0,0,0,0,0,0,0,0,0,0,0,0,0,0,0,0,0,0,0,0,0,0,0,0,0,0,0,0,0,0,0,0,0,0
20,100,0,6.67300,3.58400,20,100,0,6.57300,3.58400,0,133,6.67300,3.58400,0.00600,1,6.67300,4.24000,0.00600,1,6.27800,4.24000,0.00600,1,6.27800,3.87500,0.00600,1,6.65300,3.87500,0.00600,1,6.65300,4.22000,0.00600,1,6.30300,4.22000,0.00600,1,6.30300,3.89500,0.00600,1,6.63300,3.89500,0.00600,1,6.63300,4.20000,0.00600,1,6.32300,4.20000,0.00600,1,6.32300,3.91500,0.00600,1,6.61300,3.91500,0.00600,1,6.61300,4.18000,0.00600,1,6.34800,4.18000,0.00600,1,6.34800,3.93500,0.00600,1,6.59300,3.93500,0.00600,1,6.59300,4.16000,0.00600,1,6.37300,4.16000,0.00600,1,6.37300,3.95500,0.00600,1,6.57300,3.95500,0.00600,1,6.57300,4.14000,0.00600,1,6.39800,4.14000,0.00600,1,6.39800,3.98000,0.00600,1,6.54800,3.98000,0.00600,1,6.54800,4.12000,0.00600,1,6.41800,4.12000,0.00600,1,6.41800,4.01000,0.00600,1,6.49300,4.01000,0.00600,1,6.49300,3.91600,0.00600,8,6.43450,3.85750,0.00600,8,6.43450,3.74700,0.00600,8,6.56950,3.74700,0.00600,8,6.56950,3.74700,0.00600,8,6.57300,3.74700,0.00600,8,6.57300,3.68100,0.00600,8,6.57300,3.58400,0.00600,1,0,0,0,0,0,0,0,0,0,0,0,0,0,0,0,0,0,0,0,0,0,0,0,0,0,0,0,0,0,0,0,0,0,0,0,0,0,0,0,0,0,0,0,0,0,0,0,0,0,0,0,0,0,0,0,0,0,0,0
20,100,0,2.50750,0.70200,20,100,0,6.20000,0.40000,0,133,2.50750,0.70200,0.00600,1,2.50750,0.60550,0.00600,1,2.51800,0.59500,0.00600,1,3.02000,0.59500,0.00600,1,3.17500,0.44000,0.00600,1,5.53450,0.44000,0.00600,1,5.54500,0.42950,0.00600,1,5.54500,0.31050,0.00600,1,5.55550,0.30000,0.00600,1,6.18950,0.30000,0.00600,1,6.20000,0.31050,0.00600,1,6.20000,0.40000,0.00600,1,0,0,0,0,0,0,0,0,0,0,0,0,0,0,0,0,0,0,0,0,0,0,0,0,0,0,0,0,0,0,0,0,0,0,0,0,0,0,0,0,0,0,0,0,0,0,0,0,0,0,0,0,0,0,0,0,0,0,0,0,0,0,0,0,0,0,0,0,0,0,0,0,0,0,0,0,0,0,0,0,0,0,0,0,0,0,0,0,0,0,0,0,0,0,0,0,0,0,0,0,0,0,0,0,0,0,0,0,0,0,0,0,0,0,0,0,0,0,0,0,0,0,0,0,0,0,0,0,0,0,0,0,0,0,0,0,0,0,0,0,0,0,0,0,0,0,0,0,0,0,0,0,0,0,0,0,0,0,0
20,100,0,4.48500,1.47400,20,100,0,3.70000,1.50000,0,133,4.48500,1.47400,0.00600,1,4.48500,1.39500,0.00600,1,3.73000,1.39500,0.00600,1,3.71500,1.38500,0.00600,1,3.71500,1.10800,0.00600,2,3.71300,1.10800,0.00600,2,3.10000,1.10800,0.00600,5,3.10000,1.42000,0.00600,2,3.70000,1.42000,0.00600,5,3.70000,1.50000,0.00600,1,0,0,0,0,0,0,0,0,0,0,0,0,0,0,0,0,0,0,0,0,0,0,0,0,0,0,0,0,0,0,0,0,0,0,0,0,0,0,0,0,0,0,0,0,0,0,0,0,0,0,0,0,0,0,0,0,0,0,0,0,0,0,0,0,0,0,0,0,0,0,0,0,0,0,0,0,0,0,0,0,0,0,0,0,0,0,0,0,0,0,0,0,0,0,0,0,0,0,0,0,0,0,0,0,0,0,0,0,0,0,0,0,0,0,0,0,0,0,0,0,0,0,0,0,0,0,0,0,0,0,0,0,0,0,0,0,0,0,0,0,0,0,0,0,0,0,0,0,0,0,0,0,0,0,0,0,0,0,0,0,0,0,0,0,0,0,0
20,100,0,4.48500,1.47400,20,100,0,3.20000,1.50000,0,133,4.48500,1.47400,0.00600,1,4.48500,1.39500,0.00600,1,3.73000,1.39500,0.00600,1,3.71500,1.38500,0.00600,1,3.71500,1.10800,0.00600,2,3.71500,1.06500,0.00600,2,3.20000,1.06500,0.00600,1,3.20000,1.06400,0.00600,1,3.20000,1.45000,0.00600,2,3.20000,1.50000,0.00600,1,0,0,0,0,0,0,0,0,0,0,0,0,0,0,0,0,0,0,0,0,0,0,0,0,0,0,0,0,0,0,0,0,0,0,0,0,0,0,0,0,0,0,0,0,0,0,0,0,0,0,0,0,0,0,0,0,0,0,0,0,0,0,0,0,0,0,0,0,0,0,0,0,0,0,0,0,0,0,0,0,0,0,0,0,0,0,0,0,0,0,0,0,0,0,0,0,0,0,0,0,0,0,0,0,0,0,0,0,0,0,0,0,0,0,0,0,0,0,0,0,0,0,0,0,0,0,0,0,0,0,0,0,0,0,0,0,0,0,0,0,0,0,0,0,0,0,0,0,0,0,0,0,0,0,0,0,0,0,0,0,0,0,0,0,0,0,0
20,100,0,4.48500,1.47400,20,100,0,3.00750,0.70200,0,133,4.48500,1.47400,0.00600,1,4.48500,1.39500,0.00600,1,3.73000,1.39500,0.00600,1,3.71500,1.38500,0.00600,1,3.71500,1.10800,0.00600,2,3.71500,1.06500,0.00600,2,3.71500,0.80000,0.00600,8,3.00750,0.80000,0.00600,1,3.00750,0.70200,0.00600,1,0,0,0,0,0,0,0,0,0,0,0,0,0,0,0,0,0,0,0,0,0,0,0,0,0,0,0,0,0,0,0,0,0,0,0,0,0,0,0,0,0,0,0,0,0,0,0,0,0,0,0,0,0,0,0,0,0,0,0,0,0,0,0,0,0,0,0,0,0,0,0,0,0,0,0,0,0,0,0,0,0,0,0,0,0,0,0,0,0,0,0,0,0,0,0,0,0,0,0,0,0,0,0,0,0,0,0,0,0,0,0,0,0,0,0,0,0,0,0,0,0,0,0,0,0,0,0,0,0,0,0,0,0,0,0,0,0,0,0,0,0,0,0,0,0,0,0,0,0,0,0,0,0,0,0,0,0,0,0,0,0,0,0,0,0,0,0,0,0,0,0
20,100,0,4.48500,1.47400,20,100,0,4.37000,0.62400,0,133,4.48500,1.47400,0.00600,1,4.48500,1.39500,0.00600,1,3.73000,1.39500,0.00600,1,3.71500,1.38500,0.00600,1,3.71500,1.10800,0.00600,2,3.71500,1.06500,0.00600,2,3.71500,0.80000,0.00600,8,4.37000,0.80000,0.00600,1,4.37000,0.62400,0.00600,1,0,0,0,0,0,0,0,0,0,0,0,0,0,0,0,0,0,0,0,0,0,0,0,0,0,0,0,0,0,0,0,0,0,0,0,0,0,0,0,0,0,0,0,0,0,0,0,0,0,0,0,0,0,0,0,0,0,0,0,0,0,0,0,0,0,0,0,0,0,0,0,0,0,0,0,0,0,0,0,0,0,0,0,0,0,0,0,0,0,0,0,0,0,0,0,0,0,0,0,0,0,0,0,0,0,0,0,0,0,0,0,0,0,0,0,0,0,0,0,0,0,0,0,0,0,0,0,0,0,0,0,0,0,0,0,0,0,0,0,0,0,0,0,0,0,0,0,0,0,0,0,0,0,0,0,0,0,0,0,0,0,0,0,0,0,0,0,0,0,0,0
20,100,0,6.22300,3.58400,20,100,0,6.50000,1.72600,0,133,6.22300,3.58400,0.00600,1,6.22300,3.64200,0.00600,1,6.22000,3.64500,0.00600,1,6.08000,3.64500,0.00600,1,6.08000,1.84050,0.00600,4,6.09050,1.83000,0.00600,1,6.48950,1.83000,0.00600,1,6.50000,1.81950,0.00600,1,6.50000,1.72600,0.00600,1,0,0,0,0,0,0,0,0,0,0,0,0,0,0,0,0,0,0,0,0,0,0,0,0,0,0,0,0,0,0,0,0,0,0,0,0,0,0,0,0,0,0,0,0,0,0,0,0,0,0,0,0,0,0,0,0,0,0,0,0,0,0,0,0,0,0,0,0,0,0,0,0,0,0,0,0,0,0,0,0,0,0,0,0,0,0,0,0,0,0,0,0,0,0,0,0,0,0,0,0,0,0,0,0,0,0,0,0,0,0,0,0,0,0,0,0,0,0,0,0,0,0,0,0,0,0,0,0,0,0,0,0,0,0,0,0,0,0,0,0,0,0,0,0,0,0,0,0,0,0,0,0,0,0,0,0,0,0,0,0,0,0,0,0,0,0,0,0,0,0,0
20,100,0,6.27300,3.58400,20,100,0,6.45000,1.72600,0,133,6.27300,3.58400,0.00600,1,6.27300,3.67900,0.00600,1,6.05700,3.67900,0.00600,1,6.05700,1.80400,0.00600,4,6.45000,1.80400,0.00600,1,6.45000,1.72600,0.00600,1,0,0,0,0,0,0,0,0,0,0,0,0,0,0,0,0,0,0,0,0,0,0,0,0,0,0,0,0,0,0,0,0,0,0,0,0,0,0,0,0,0,0,0,0,0,0,0,0,0,0,0,0,0,0,0,0,0,0,0,0,0,0,0,0,0,0,0,0,0,0,0,0,0,0,0,0,0,0,0,0,0,0,0,0,0,0,0,0,0,0,0,0,0,0,0,0,0,0,0,0,0,0,0,0,0,0,0,0,0,0,0,0,0,0,0,0,0,0,0,0,0,0,0,0,0,0,0,0,0,0,0,0,0,0,0,0,0,0,0,0,0,0,0,0,0,0,0,0,0,0,0,0,0,0,0,0,0,0,0,0,0,0,0,0,0,0,0,0,0,0,0,0,0,0,0,0,0,0,0,0,0,0,0
20,100,0,6.40000,1.50000,20,100,0,6.40000,0.62600,0,133,6.40000,1.50000,0.00600,1,6.40000,1.29150,0.00600,1,6.38950,1.28100,0.00600,1,5.75550,1.28100,0.00600,1,5.74500,1.27050,0.00600,1,5.74500,1.26550,0.00600,1,5.75550,1.25500,0.00600,1,6.53950,1.25500,0.00600,1,6.55000,1.24450,0.00600,1,6.55000,1.24050,0.00600,1,6.53950,1.23000,0.00600,1,5.75550,1.23000,0.00600,1,5.74500,1.21950,0.00600,1,5.74500,1.21550,0.00600,1,5.75550,1.20500,0.00600,1,6.49450,1.20500,0.00600,1,6.50500,1.19450,0.00600,1,6.50500,1.19050,0.00600,1,6.49450,1.18000,0.00600,1,5.75550,1.18000,0.00600,1,5.74500,1.16950,0.00600,1,5.74500,1.16550,0.00600,1,5.75550,1.15500,0.00600,1,6.49450,1.15500,0.00600,1,6.50500,1.14450,0.00600,1,6.50500,1.14050,0.00600,1,6.49450,1.13000,0.00600,1,5.75550,1.13000,0.00600,1,5.74500,1.11950,0.00600,1,5.74500,1.11550,0.00600,1,5.75550,1.10500,0.00600,1,6.48950,1.10500,0.00600,1,6.50000,1.09450,0.00600,1,6.50000,1.09050,0.00600,1,6.48950,1.08000,0.00600,1,5.75550,1.08000,0.00600,1,5.74500,1.06950,0.00600,1,5.74500,1.06550,0.00600,1,5.75550,1.05500,0.00600,1,6.48950,1.05500,0.00600,1,6.50000,1.04450,0.00600,1,6.50000,1.02050,0.00600,1,6.48950,1.01000,0.00600,1,6.43050,1.01000,0.00600,1,6.42000,0.99950,0.00600,1,6.42000,0.88300,0.00600,1,6.43050,0.87250,0.00600,1,6.61500,0.87250,0.00600,1,6.61500,0.73750,0.00600,1,6.61500,0.73750,0.00600,1,6.56350,0.68600,0.00600,1,0,0,0
20,100,0,2.30500,1.85920,20,100,0,1.78960,2.60500,0,133,2.30500,1.85920,0.00600,1,2.30500,1.85900,0.00600,1,1.78900,1.85900,0.00600,1,1.78900,2.49300,0.00600,2,1.79000,2.60460,0.00600,1,1.78960,2.60500,0.00600,1,0,0,0,0,0,0,0,0,0,0,0,0,0,0,0,0,0,0,0,0,0,0,0,0,0,0,0,0,0,0,0,0,0,0,0,0,0,0,0,0,0,0,0,0,0,0,0,0,0,0,0,0,0,0,0,0,0,0,0,0,0,0,0,0,0,0,0,0,0,0,0,0,0,0,0,0,0,0,0,0,0,0,0,0,0,0,0,0,0,0,0,0,0,0,0,0,0,0,0,0,0,0,0,0,0,0,0,0,0,0,0,0,0,0,0,0,0,0,0,0,0,0,0,0,0,0,0,0,0,0,0,0,0,0,0,0,0,0,0,0,0,0,0,0,0,0,0,0,0,0,0,0,0,0,0,0,0,0,0,0,0,0,0,0,0,0,0,0,0,0,0,0,0,0,0,0,0,0,0,0,0,0,0
20,100,0,2.30500,1.88480,20,100,0,1.81520,2.60500,0,133,2.30500,1.88480,0.00600,1,2.30380,1.88600,0.00600,1,2.23800,1.88600,0.00600,1,1.84100,1.88600,0.00600,2,1.81700,1.88600,0.00600,2,1.81500,1.88600,0.00600,1,1.81500,2.60480,0.00600,1,1.81520,2.60500,0.00600,1,0,0,0,0,0,0,0,0,0,0,0,0,0,0,0,0,0,0,0,0,0,0,0,0,0,0,0,0,0,0,0,0,0,0,0,0,0,0,0,0,0,0,0,0,0,0,0,0,0,0,0,0,0,0,0,0,0,0,0,0,0,0,0,0,0,0,0,0,0,0,0,0,0,0,0,0,0,0,0,0,0,0,0,0,0,0,0,0,0,0,0,0,0,0,0,0,0,0,0,0,0,0,0,0,0,0,0,0,0,0,0,0,0,0,0,0,0,0,0,0,0,0,0,0,0,0,0,0,0,0,0,0,0,0,0,0,0,0,0,0,0,0,0,0,0,0,0,0,0,0,0,0,0,0,0,0,0,0,0,0,0,0,0,0,0,0,0,0,0,0,0,0,0,0,0
20,100,0,2.30500,1.91040,20,100,0,1.84080,2.60500,0,133,2.30500,1.91040,0.00600,1,1.84160,1.91040,0.00600,1,1.84100,1.91100,0.00600,1,1.84100,2.52500,0.00600,2,1.84100,2.60180,0.00600,1,1.84080,2.60500,0.00600,1,0,0,0,0,0,0,0,0,0,0,0,0,0,0,0,0,0,0,0,0,0,0,0,0,0,0,0,0,0,0,0,0,0,0,0,0,0,0,0,0,0,0,0,0,0,0,0,0,0,0,0,0,0,0,0,0,0,0,0,0,0,0,0,0,0,0,0,0,0,0,0,0,0,0,0,0,0,0,0,0,0,0,0,0,0,0,0,0,0,0,0,0,0,0,0,0,0,0,0,0,0,0,0,0,0,0,0,0,0,0,0,0,0,0,0,0,0,0,0,0,0,0,0,0,0,0,0,0,0,0,0,0,0,0,0,0,0,0,0,0,0,0,0,0,0,0,0,0,0,0,0,0,0,0,0,0,0,0,0,0,0,0,0,0,0,0,0,0,0,0,0,0,0,0,0,0,0,0,0,0,0,0,0
20,100,0,2.30500,1.93600,20,100,0,1.86640,2.60500,0,133,2.30500,1.93600,0.00600,1,2.30400,1.93700,0.00600,1,2.24000,1.93700,0.00600,1,1.86700,1.93700,0.00600,2,1.86700,2.60460,0.00600,1,1.86640,2.60500,0.00600,1,0,0,0,0,0,0,0,0,0,0,0,0,0,0,0,0,0,0,0,0,0,0,0,0,0,0,0,0,0,0,0,0,0,0,0,0,0,0,0,0,0,0,0,0,0,0,0,0,0,0,0,0,0,0,0,0,0,0,0,0,0,0,0,0,0,0,0,0,0,0,0,0,0,0,0,0,0,0,0,0,0,0,0,0,0,0,0,0,0,0,0,0,0,0,0,0,0,0,0,0,0,0,0,0,0,0,0,0,0,0,0,0,0,0,0,0,0,0,0,0,0,0,0,0,0,0,0,0,0,0,0,0,0,0,0,0,0,0,0,0,0,0,0,0,0,0,0,0,0,0,0,0,0,0,0,0,0,0,0,0,0,0,0,0,0,0,0,0,0,0,0,0,0,0,0,0,0,0,0,0,0,0,0
20,100,0,0.75000,0.95000,20,100,0,0.75100,0.70400,0,133,0.75000,0.95000,0.00600,8,0.75100,0.94900,0.00600,8,0.75100,0.70400,0.00600,1,0,0,0,0,0,0,0,0,0,0,0,0,0,0,0,0,0,0,0,0,0,0,0,0,0,0,0,0,0,0,0,0,0,0,0,0,0,0,0,0,0,0,0,0,0,0,0,0,0,0,0,0,0,0,0,0,0,0,0,0,0,0,0,0,0,0,0,0,0,0,0,0,0,0,0,0,0,0,0,0,0,0,0,0,0,0,0,0,0,0,0,0,0,0,0,0,0,0,0,0,0,0,0,0,0,0,0,0,0,0,0,0,0,0,0,0,0,0,0,0,0,0,0,0,0,0,0,0,0,0,0,0,0,0,0,0,0,0,0,0,0,0,0,0,0,0,0,0,0,0,0,0,0,0,0,0,0,0,0,0,0,0,0,0,0,0,0,0,0,0,0,0,0,0,0,0,0,0,0,0,0,0,0,0,0,0,0,0,0,0,0,0,0,0,0
20,100,0,0.65000,0.95000,20,100,0,0.65100,0.70400,0,133,0.65000,0.95000,0.00600,8,0.64700,0.94900,0.00600,8,0.64700,0.70400,0.00600,1,0.65100,0.70400,0.00600,1,0,0,0,0,0,0,0,0,0,0,0,0,0,0,0,0,0,0,0,0,0,0,0,0,0,0,0,0,0,0,0,0,0,0,0,0,0,0,0,0,0,0,0,0,0,0,0,0,0,0,0,0,0,0,0,0,0,0,0,0,0,0,0,0,0,0,0,0,0,0,0,0,0,0,0,0,0,0,0,0,0,0,0,0,0,0,0,0,0,0,0,0,0,0,0,0,0,0,0,0,0,0,0,0,0,0,0,0,0,0,0,0,0,0,0,0,0,0,0,0,0,0,0,0,0,0,0,0,0,0,0,0,0,0,0,0,0,0,0,0,0,0,0,0,0,0,0,0,0,0,0,0,0,0,0,0,0,0,0,0,0,0,0,0,0,0,0,0,0,0,0,0,0,0,0,0,0,0,0,0,0,0,0,0,0,0,0,0,0,0,0
20,100,0,0.55000,0.95000,20,100,0,0.55100,0.70400,0,133,0.55000,0.95000,0.00600,8,0.54800,0.94900,0.00600,8,0.54800,0.70400,0.00600,1,0.55100,0.70400,0.00600,1,0,0,0,0,0,0,0,0,0,0,0,0,0,0,0,0,0,0,0,0,0,0,0,0,0,0,0,0,0,0,0,0,0,0,0,0,0,0,0,0,0,0,0,0,0,0,0,0,0,0,0,0,0,0,0,0,0,0,0,0,0,0,0,0,0,0,0,0,0,0,0,0,0,0,0,0,0,0,0,0,0,0,0,0,0,0,0,0,0,0,0,0,0,0,0,0,0,0,0,0,0,0,0,0,0,0,0,0,0,0,0,0,0,0,0,0,0,0,0,0,0,0,0,0,0,0,0,0,0,0,0,0,0,0,0,0,0,0,0,0,0,0,0,0,0,0,0,0,0,0,0,0,0,0,0,0,0,0,0,0,0,0,0,0,0,0,0,0,0,0,0,0,0,0,0,0,0,0,0,0,0,0,0,0,0,0,0,0,0,0,0
20,100,0,0.45000,0.95000,20,100,0,0.45100,0.70400,0,133,0.45000,0.95000,0.00600,8,0.44900,0.95700,0.00600,8,0.44900,0.95000,0.00600,1,0.44900,0.71000,0.00600,1,0.45100,0.70400,0.00600,8,0,0,0,0,0,0,0,0,0,0,0,0,0,0,0,0,0,0,0,0,0,0,0,0,0,0,0,0,0,0,0,0,0,0,0,0,0,0,0,0,0,0,0,0,0,0,0,0,0,0,0,0,0,0,0,0,0,0,0,0,0,0,0,0,0,0,0,0,0,0,0,0,0,0,0,0,0,0,0,0,0,0,0,0,0,0,0,0,0,0,0,0,0,0,0,0,0,0,0,0,0,0,0,0,0,0,0,0,0,0,0,0,0,0,0,0,0,0,0,0,0,0,0,0,0,0,0,0,0,0,0,0,0,0,0,0,0,0,0,0,0,0,0,0,0,0,0,0,0,0,0,0,0,0,0,0,0,0,0,0,0,0,0,0,0,0,0,0,0,0,0,0,0,0,0,0,0,0,0,0,0,0,0,0,0,0,0
20,100,0,0.60000,0.06500,20,100,0,0.55100,0.40400,0,133,0.60000,0.06500,0.00600,1,0.60000,0.35500,0.00600,1,0.55100,0.40400,0.00600,1,0,0,0,0,0,0,0,0,0,0,0,0,0,0,0,0,0,0,0,0,0,0,0,0,0,0,0,0,0,0,0,0,0,0,0,0,0,0,0,0,0,0,0,0,0,0,0,0,0,0,0,0,0,0,0,0,0,0,0,0,0,0,0,0,0,0,0,0,0,0,0,0,0,0,0,0,0,0,0,0,0,0,0,0,0,0,0,0,0,0,0,0,0,0,0,0,0,0,0,0,0,0,0,0,0,0,0,0,0,0,0,0,0,0,0,0,0,0,0,0,0,0,0,0,0,0,0,0,0,0,0,0,0,0,0,0,0,0,0,0,0,0,0,0,0,0,0,0,0,0,0,0,0,0,0,0,0,0,0,0,0,0,0,0,0,0,0,0,0,0,0,0,0,0,0,0,0,0,0,0,0,0,0,0,0,0,0,0,0,0,0,0,0,0,0
20,100,0,0.70000,0.06500,20,100,0,0.65100,0.40400,0,133,0.70000,0.06500,0.00600,1,0.70000,0.36000,0.00600,1,0.65600,0.40400,0.00600,1,0.65100,0.40400,0.00600,1,0,0,0,0,0,0,0,0,0,0,0,0,0,0,0,0,0,0,0,0,0,0,0,0,0,0,0,0,0,0,0,0,0,0,0,0,0,0,0,0,0,0,0,0,0,0,0,0,0,0,0,0,0,0,0,0,0,0,0,0,0,0,0,0,0,0,0,0,0,0,0,0,0,0,0,0,0,0,0,0,0,0,0,0,0,0,0,0,0,0,0,0,0,0,0,0,0,0,0,0,0,0,0,0,0,0,0,0,0,0,0,0,0,0,0,0,0,0,0,0,0,0,0,0,0,0,0,0,0,0,0,0,0,0,0,0,0,0,0,0,0,0,0,0,0,0,0,0,0,0,0,0,0,0,0,0,0,0,0,0,0,0,0,0,0,0,0,0,0,0,0,0,0,0,0,0,0,0,0,0,0,0,0,0,0,0,0,0,0,0,0
20,100,0,0.80000,0.06500,20,100,0,0.75100,0.40400,0,133,0.80000,0.06500,0.00600,1,0.80000,0.36400,0.00600,1,0.76000,0.40400,0.00600,1,0.75100,0.40400,0.00600,1,0,0,0,0,0,0,0,0,0,0,0,0,0,0,0,0,0,0,0,0,0,0,0,0,0,0,0,0,0,0,0,0,0,0,0,0,0,0,0,0,0,0,0,0,0,0,0,0,0,0,0,0,0,0,0,0,0,0,0,0,0,0,0,0,0,0,0,0,0,0,0,0,0,0,0,0,0,0,0,0,0,0,0,0,0,0,0,0,0,0,0,0,0,0,0,0,0,0,0,0,0,0,0,0,0,0,0,0,0,0,0,0,0,0,0,0,0,0,0,0,0,0,0,0,0,0,0,0,0,0,0,0,0,0,0,0,0,0,0,0,0,0,0,0,0,0,0,0,0,0,0,0,0,0,0,0,0,0,0,0,0,0,0,0,0,0,0,0,0,0,0,0,0,0,0,0,0,0,0,0,0,0,0,0,0,0,0,0,0,0,0
20,100,0,0.90000,0.06500,20,100,0,0.85100,0.40400,0,133,0.90000,0.06500,0.00600,1,0.90000,0.36000,0.00600,1,0.85600,0.40400,0.00600,1,0.85100,0.40400,0.00600,1,0,0,0,0,0,0,0,0,0,0,0,0,0,0,0,0,0,0,0,0,0,0,0,0,0,0,0,0,0,0,0,0,0,0,0,0,0,0,0,0,0,0,0,0,0,0,0,0,0,0,0,0,0,0,0,0,0,0,0,0,0,0,0,0,0,0,0,0,0,0,0,0,0,0,0,0,0,0,0,0,0,0,0,0,0,0,0,0,0,0,0,0,0,0,0,0,0,0,0,0,0,0,0,0,0,0,0,0,0,0,0,0,0,0,0,0,0,0,0,0,0,0,0,0,0,0,0,0,0,0,0,0,0,0,0,0,0,0,0,0,0,0,0,0,0,0,0,0,0,0,0,0,0,0,0,0,0,0,0,0,0,0,0,0,0,0,0,0,0,0,0,0,0,0,0,0,0,0,0,0,0,0,0,0,0,0,0,0,0,0,0
20,100,0,1.50000,3.30000,20,100,0,1.50000,3.80000,0,133,1.50000,3.30000,0.00600,4,1.55000,3.35000,0.00600,4,1.55000,3.75000,0.00600,4,1.50000,3.80000,0.00600,4,0,0,0,0,0,0,0,0,0,0,0,0,0,0,0,0,0,0,0,0,0,0,0,0,0,0,0,0,0,0,0,0,0,0,0,0,0,0,0,0,0,0,0,0,0,0,0,0,0,0,0,0,0,0,0,0,0,0,0,0,0,0,0,0,0,0,0,0,0,0,0,0,0,0,0,0,0,0,0,0,0,0,0,0,0,0,0,0,0,0,0,0,0,0,0,0,0,0,0,0,0,0,0,0,0,0,0,0,0,0,0,0,0,0,0,0,0,0,0,0,0,0,0,0,0,0,0,0,0,0,0,0,0,0,0,0,0,0,0,0,0,0,0,0,0,0,0,0,0,0,0,0,0,0,0,0,0,0,0,0,0,0,0,0,0,0,0,0,0,0,0,0,0,0,0,0,0,0,0,0,0,0,0,0,0,0,0,0,0,0,0
20,100,0,1.50000,3.30000,20,100,0,2.90000,2.60000,0,133,1.50000,3.30000,0.00600,4,1.50000,3.00000,0.00600,4,1.75000,2.75000,0.00600,4,2.30000,2.75000,0.00600,4,2.52500,2.52500,0.00600,5,3.00000,2.52500,0.00600,5,2.90000,2.60000,0.00600,1,0,0,0,0,0,0,0,0,0,0,0,0,0,0,0,0,0,0,0,0,0,0,0,0,0,0,0,0,0,0,0,0,0,0,0,0,0,0,0,0,0,0,0,0,0,0,0,0,0,0,0,0,0,0,0,0,0,0,0,0,0,0,0,0,0,0,0,0,0,0,0,0,0,0,0,0,0,0,0,0,0,0,0,0,0,0,0,0,0,0,0,0,0,0,0,0,0,0,0,0,0,0,0,0,0,0,0,0,0,0,0,0,0,0,0,0,0,0,0,0,0,0,0,0,0,0,0,0,0,0,0,0,0,0,0,0,0,0,0,0,0,0,0,0,0,0,0,0,0,0,0,0,0,0,0,0,0,0,0,0,0,0,0,0,0,0,0,0,0,0,0,0,0,0,0,0,0,0,0
20,100,0,1.50000,3.30000,20,100,0,1.50000,3.50000,0,133,1.50000,3.30000,0.00600,4,1.50000,3.00000,0.00600,4,1.75000,2.75000,0.00600,4,2.30000,2.75000,0.00600,4,1.80000,2.75000,0.00600,5,1.55000,3.00000,0.00600,5,1.55000,3.45000,0.00600,5,1.50000,3.50000,0.00600,5,0,0,0,0,0,0,0,0,0,0,0,0,0,0,0,0,0,0,0,0,0,0,0,0,0,0,0,0,0,0,0,0,0,0,0,0,0,0,0,0,0,0,0,0,0,0,0,0,0,0,0,0,0,0,0,0,0,0,0,0,0,0,0,0,0,0,0,0,0,0,0,0,0,0,0,0,0,0,0,0,0,0,0,0,0,0,0,0,0,0,0,0,0,0,0,0,0,0,0,0,0,0,0,0,0,0,0,0,0,0,0,0,0,0,0,0,0,0,0,0,0,0,0,0,0,0,0,0,0,0,0,0,0,0,0,0,0,0,0,0,0,0,0,0,0,0,0,0,0,0,0,0,0,0,0,0,0,0,0,0,0,0,0,0,0,0,0,0,0,0,0,0,0,0,0
20,100,0,1.50000,3.30000,20,100,0,1.50000,4.00000,0,133,1.50000,3.30000,0.00600,4,1.50000,3.00000,0.00600,4,1.75000,2.75000,0.00600,4,2.30000,2.75000,0.00600,4,1.80000,2.75000,0.00600,5,1.55000,3.00000,0.00600,5,1.55000,3.45000,0.00600,5,1.50000,3.50000,0.00600,5,1.55000,3.55000,0.00600,5,1.55000,3.95000,0.00600,5,1.50000,4.00000,0.00600,5,0,0,0,0,0,0,0,0,0,0,0,0,0,0,0,0,0,0,0,0,0,0,0,0,0,0,0,0,0,0,0,0,0,0,0,0,0,0,0,0,0,0,0,0,0,0,0,0,0,0,0,0,0,0,0,0,0,0,0,0,0,0,0,0,0,0,0,0,0,0,0,0,0,0,0,0,0,0,0,0,0,0,0,0,0,0,0,0,0,0,0,0,0,0,0,0,0,0,0,0,0,0,0,0,0,0,0,0,0,0,0,0,0,0,0,0,0,0,0,0,0,0,0,0,0,0,0,0,0,0,0,0,0,0,0,0,0,0,0,0,0,0,0,0,0,0,0,0,0,0,0,0,0,0,0,0,0,0,0,0,0,0,0
20,100,0,1.50000,3.30000,20,100,0,2.80000,2.40000,0,133,1.50000,3.30000,0.00600,4,1.50000,3.00000,0.00600,4,1.75000,2.75000,0.00600,4,2.30000,2.75000,0.00600,4,2.65000,2.40000,0.00600,4,2.80000,2.40000,0.00600,1,0,0,0,0,0,0,0,0,0,0,0,0,0,0,0,0,0,0,0,0,0,0,0,0,0,0,0,0,0,0,0,0,0,0,0,0,0,0,0,0,0,0,0,0,0,0,0,0,0,0,0,0,0,0,0,0,0,0,0,0,0,0,0,0,0,0,0,0,0,0,0,0,0,0,0,0,0,0,0,0,0,0,0,0,0,0,0,0,0,0,0,0,0,0,0,0,0,0,0,0,0,0,0,0,0,0,0,0,0,0,0,0,0,0,0,0,0,0,0,0,0,0,0,0,0,0,0,0,0,0,0,0,0,0,0,0,0,0,0,0,0,0,0,0,0,0,0,0,0,0,0,0,0,0,0,0,0,0,0,0,0,0,0,0,0,0,0,0,0,0,0,0,0,0,0,0,0,0,0,0,0,0,0
20,100,0,3.00000,3.30000,20,100,0,3.00000,3.80000,0,133,3.00000,3.30000,0.00600,7,3.05000,3.35000,0.00600,7,3.05000,3.75000,0.00600,7,3.00000,3.80000,0.00600,7,0,0,0,0,0,0,0,0,0,0,0,0,0,0,0,0,0,0,0,0,0,0,0,0,0,0,0,0,0,0,0,0,0,0,0,0,0,0,0,0,0,0,0,0,0,0,0,0,0,0,0,0,0,0,0,0,0,0,0,0,0,0,0,0,0,0,0,0,0,0,0,0,0,0,0,0,0,0,0,0,0,0,0,0,0,0,0,0,0,0,0,0,0,0,0,0,0,0,0,0,0,0,0,0,0,0,0,0,0,0,0,0,0,0,0,0,0,0,0,0,0,0,0,0,0,0,0,0,0,0,0,0,0,0,0,0,0,0,0,0,0,0,0,0,0,0,0,0,0,0,0,0,0,0,0,0,0,0,0,0,0,0,0,0,0,0,0,0,0,0,0,0,0,0,0,0,0,0,0,0,0,0,0,0,0,0,0,0,0,0,0
20,100,0,1.60000,3.30000,20,100,0,1.60000,3.80000,0,133,1.60000,3.30000,0.00600,4,1.65000,3.35000,0.00600,4,1.65000,3.75000,0.00600,4,1.60000,3.80000,0.00600,4,0,0,0,0,0,0,0,0,0,0,0,0,0,0,0,0,0,0,0,0,0,0,0,0,0,0,0,0,0,0,0,0,0,0,0,0,0,0,0,0,0,0,0,0,0,0,0,0,0,0,0,0,0,0,0,0,0,0,0,0,0,0,0,0,0,0,0,0,0,0,0,0,0,0,0,0,0,0,0,0,0,0,0,0,0,0,0,0,0,0,0,0,0,0,0,0,0,0,0,0,0,0,0,0,0,0,0,0,0,0,0,0,0,0,0,0,0,0,0,0,0,0,0,0,0,0,0,0,0,0,0,0,0,0,0,0,0,0,0,0,0,0,0,0,0,0,0,0,0,0,0,0,0,0,0,0,0,0,0,0,0,0,0,0,0,0,0,0,0,0,0,0,0,0,0,0,0,0,0,0,0,0,0,0,0,0,0,0,0,0,0
20,100,0,1.60000,3.30000,20,100,0,2.85000,2.55000,0,133,1.60000,3.30000,0.00600,4,1.60000,3.00000,0.00600,4,1.80000,2.80000,0.00600,4,2.30000,2.80000,0.00600,4,2.50000,2.60000,0.00600,5,2.65000,2.60000,0.00600,5,2.72500,2.57500,0.00600,1,2.82500,2.57500,0.00600,1,2.85000,2.55000,0.00600,1,0,0,0,0,0,0,0,0,0,0,0,0,0,0,0,0,0,0,0,0,0,0,0,0,0,0,0,0,0,0,0,0,0,0,0,0,0,0,0,0,0,0,0,0,0,0,0,0,0,0,0,0,0,0,0,0,0,0,0,0,0,0,0,0,0,0,0,0,0,0,0,0,0,0,0,0,0,0,0,0,0,0,0,0,0,0,0,0,0,0,0,0,0,0,0,0,0,0,0,0,0,0,0,0,0,0,0,0,0,0,0,0,0,0,0,0,0,0,0,0,0,0,0,0,0,0,0,0,0,0,0,0,0,0,0,0,0,0,0,0,0,0,0,0,0,0,0,0,0,0,0,0,0,0,0,0,0,0,0,0,0,0,0,0,0,0,0,0,0,0,0
20,100,0,1.60000,3.30000,20,100,0,1.60000,3.50000,0,133,1.60000,3.30000,0.00600,4,1.60000,3.00000,0.00600,4,1.80000,2.80000,0.00600,4,2.30000,2.80000,0.00600,4,1.85000,2.80000,0.00600,5,1.65000,3.00000,0.00600,5,1.65000,3.45000,0.00600,5,1.60000,3.50000,0.00600,5,0,0,0,0,0,0,0,0,0,0,0,0,0,0,0,0,0,0,0,0,0,0,0,0,0,0,0,0,0,0,0,0,0,0,0,0,0,0,0,0,0,0,0,0,0,0,0,0,0,0,0,0,0,0,0,0,0,0,0,0,0,0,0,0,0,0,0,0,0,0,0,0,0,0,0,0,0,0,0,0,0,0,0,0,0,0,0,0,0,0,0,0,0,0,0,0,0,0,0,0,0,0,0,0,0,0,0,0,0,0,0,0,0,0,0,0,0,0,0,0,0,0,0,0,0,0,0,0,0,0,0,0,0,0,0,0,0,0,0,0,0,0,0,0,0,0,0,0,0,0,0,0,0,0,0,0,0,0,0,0,0,0,0,0,0,0,0,0,0,0,0,0,0,0,0
20,100,0,1.60000,3.30000,20,100,0,1.60000,4.00000,0,133,1.60000,3.30000,0.00600,4,1.60000,3.00000,0.00600,4,1.80000,2.80000,0.00600,4,2.30000,2.80000,0.00600,4,1.85000,2.80000,0.00600,5,1.65000,3.00000,0.00600,5,1.65000,3.45000,0.00600,5,1.60000,3.50000,0.00600,5,1.65000,3.55000,0.00600,5,1.65000,3.95000,0.00600,5,1.60000,4.00000,0.00600,5,0,0,0,0,0,0,0,0,0,0,0,0,0,0,0,0,0,0,0,0,0,0,0,0,0,0,0,0,0,0,0,0,0,0,0,0,0,0,0,0,0,0,0,0,0,0,0,0,0,0,0,0,0,0,0,0,0,0,0,0,0,0,0,0,0,0,0,0,0,0,0,0,0,0,0,0,0,0,0,0,0,0,0,0,0,0,0,0,0,0,0,0,0,0,0,0,0,0,0,0,0,0,0,0,0,0,0,0,0,0,0,0,0,0,0,0,0,0,0,0,0,0,0,0,0,0,0,0,0,0,0,0,0,0,0,0,0,0,0,0,0,0,0,0,0,0,0,0,0,0,0,0,0,0,0,0,0,0,0,0,0,0,0
20,100,0,2.85000,2.60000,20,100,0,1.70000,3.30000,0,133,2.85000,2.60000,0.00600,1,2.82500,2.62500,0.00600,1,2.62500,2.62500,0.00600,1,2.52500,2.62500,0.00600,5,2.30000,2.85000,0.00600,5,1.85000,2.85000,0.00600,4,1.70000,3.00000,0.00600,4,1.70000,3.30000,0.00600,4,0,0,0,0,0,0,0,0,0,0,0,0,0,0,0,0,0,0,0,0,0,0,0,0,0,0,0,0,0,0,0,0,0,0,0,0,0,0,0,0,0,0,0,0,0,0,0,0,0,0,0,0,0,0,0,0,0,0,0,0,0,0,0,0,0,0,0,0,0,0,0,0,0,0,0,0,0,0,0,0,0,0,0,0,0,0,0,0,0,0,0,0,0,0,0,0,0,0,0,0,0,0,0,0,0,0,0,0,0,0,0,0,0,0,0,0,0,0,0,0,0,0,0,0,0,0,0,0,0,0,0,0,0,0,0,0,0,0,0,0,0,0,0,0,0,0,0,0,0,0,0,0,0,0,0,0,0,0,0,0,0,0,0,0,0,0,0,0,0,0,0,0,0,0,0
20,100,0,2.85000,2.60000,20,100,0,1.70000,3.80000,0,133,2.85000,2.60000,0.00600,1,2.82500,2.62500,0.00600,1,2.62500,2.62500,0.00600,1,2.52500,2.62500,0.00600,5,2.30000,2.85000,0.00600,5,1.85000,2.85000,0.00600,4,1.70000,3.00000,0.00600,4,1.70000,3.30000,0.00600,4,1.75000,3.35000,0.00600,4,1.75000,3.75000,0.00600,4,1.70000,3.80000,0.00600,4,0,0,0,0,0,0,0,0,0,0,0,0,0,0,0,0,0,0,0,0,0,0,0,0,0,0,0,0,0,0,0,0,0,0,0,0,0,0,0,0,0,0,0,0,0,0,0,0,0,0,0,0,0,0,0,0,0,0,0,0,0,0,0,0,0,0,0,0,0,0,0,0,0,0,0,0,0,0,0,0,0,0,0,0,0,0,0,0,0,0,0,0,0,0,0,0,0,0,0,0,0,0,0,0,0,0,0,0,0,0,0,0,0,0,0,0,0,0,0,0,0,0,0,0,0,0,0,0,0,0,0,0,0,0,0,0,0,0,0,0,0,0,0,0,0,0,0,0,0,0,0,0,0,0,0,0,0,0,0,0,0,0,0
20,100,0,2.85000,2.60000,20,100,0,2.80000,2.50000,0,133,2.85000,2.60000,0.00600,1,2.82500,2.62500,0.00600,1,2.62500,2.62500,0.00600,1,2.52500,2.62500,0.00600,5,2.30000,2.85000,0.00600,5,2.65000,2.50000,0.00600,4,2.80000,2.50000,0.00600,1,0,0,0,0,0,0,0,0,0,0,0,0,0,0,0,0,0,0,0,0,0,0,0,0,0,0,0,0,0,0,0,0,0,0,0,0,0,0,0,0,0,0,0,0,0,0,0,0,0,0,0,0,0,0,0,0,0,0,0,0,0,0,0,0,0,0,0,0,0,0,0,0,0,0,0,0,0,0,0,0,0,0,0,0,0,0,0,0,0,0,0,0,0,0,0,0,0,0,0,0,0,0,0,0,0,0,0,0,0,0,0,0,0,0,0,0,0,0,0,0,0,0,0,0,0,0,0,0,0,0,0,0,0,0,0,0,0,0,0,0,0,0,0,0,0,0,0,0,0,0,0,0,0,0,0,0,0,0,0,0,0,0,0,0,0,0,0,0,0,0,0,0,0,0,0,0,0,0,0
20,100,0,2.85000,2.60000,20,100,0,1.70000,3.50000,0,133,2.85000,2.60000,0.00600,1,2.82500,2.62500,0.00600,1,2.62500,2.62500,0.00600,1,2.52500,2.62500,0.00600,5,2.30000,2.85000,0.00600,5,1.90000,2.85000,0.00600,5,1.75000,3.00000,0.00600,5,1.75000,3.45000,0.00600,5,1.70000,3.50000,0.00600,5,0,0,0,0,0,0,0,0,0,0,0,0,0,0,0,0,0,0,0,0,0,0,0,0,0,0,0,0,0,0,0,0,0,0,0,0,0,0,0,0,0,0,0,0,0,0,0,0,0,0,0,0,0,0,0,0,0,0,0,0,0,0,0,0,0,0,0,0,0,0,0,0,0,0,0,0,0,0,0,0,0,0,0,0,0,0,0,0,0,0,0,0,0,0,0,0,0,0,0,0,0,0,0,0,0,0,0,0,0,0,0,0,0,0,0,0,0,0,0,0,0,0,0,0,0,0,0,0,0,0,0,0,0,0,0,0,0,0,0,0,0,0,0,0,0,0,0,0,0,0,0,0,0,0,0,0,0,0,0,0,0,0,0,0,0,0,0,0,0,0,0
20,100,0,2.85000,2.60000,20,100,0,1.70000,4.00000,0,133,2.85000,2.60000,0.00600,1,2.82500,2.62500,0.00600,1,2.62500,2.62500,0.00600,1,2.52500,2.62500,0.00600,5,2.30000,2.85000,0.00600,5,1.90000,2.85000,0.00600,5,1.75000,3.00000,0.00600,5,1.75000,3.45000,0.00600,5,1.70000,3.50000,0.00600,5,1.75000,3.55000,0.00600,5,1.75000,3.95000,0.00600,5,1.70000,4.00000,0.00600,5,0,0,0,0,0,0,0,0,0,0,0,0,0,0,0,0,0,0,0,0,0,0,0,0,0,0,0,0,0,0,0,0,0,0,0,0,0,0,0,0,0,0,0,0,0,0,0,0,0,0,0,0,0,0,0,0,0,0,0,0,0,0,0,0,0,0,0,0,0,0,0,0,0,0,0,0,0,0,0,0,0,0,0,0,0,0,0,0,0,0,0,0,0,0,0,0,0,0,0,0,0,0,0,0,0,0,0,0,0,0,0,0,0,0,0,0,0,0,0,0,0,0,0,0,0,0,0,0,0,0,0,0,0,0,0,0,0,0,0,0,0,0,0,0,0,0,0,0,0,0,0,0,0,0,0,0,0,0,0
20,100,0,1.70000,3.50000,20,100,0,1.70000,4.00000,0,133,1.70000,3.50000,0.00600,5,1.75000,3.55000,0.00600,5,1.75000,3.95000,0.00600,5,1.70000,4.00000,0.00600,5,0,0,0,0,0,0,0,0,0,0,0,0,0,0,0,0,0,0,0,0,0,0,0,0,0,0,0,0,0,0,0,0,0,0,0,0,0,0,0,0,0,0,0,0,0,0,0,0,0,0,0,0,0,0,0,0,0,0,0,0,0,0,0,0,0,0,0,0,0,0,0,0,0,0,0,0,0,0,0,0,0,0,0,0,0,0,0,0,0,0,0,0,0,0,0,0,0,0,0,0,0,0,0,0,0,0,0,0,0,0,0,0,0,0,0,0,0,0,0,0,0,0,0,0,0,0,0,0,0,0,0,0,0,0,0,0,0,0,0,0,0,0,0,0,0,0,0,0,0,0,0,0,0,0,0,0,0,0,0,0,0,0,0,0,0,0,0,0,0,0,0,0,0,0,0,0,0,0,0,0,0,0,0,0,0,0,0,0,0,0,0
20,100,0,1.70000,3.30000,20,100,0,1.70000,3.80000,0,133,1.70000,3.30000,0.00600,4,1.75000,3.35000,0.00600,4,1.75000,3.75000,0.00600,4,1.70000,3.80000,0.00600,4,0,0,0,0,0,0,0,0,0,0,0,0,0,0,0,0,0,0,0,0,0,0,0,0,0,0,0,0,0,0,0,0,0,0,0,0,0,0,0,0,0,0,0,0,0,0,0,0,0,0,0,0,0,0,0,0,0,0,0,0,0,0,0,0,0,0,0,0,0,0,0,0,0,0,0,0,0,0,0,0,0,0,0,0,0,0,0,0,0,0,0,0,0,0,0,0,0,0,0,0,0,0,0,0,0,0,0,0,0,0,0,0,0,0,0,0,0,0,0,0,0,0,0,0,0,0,0,0,0,0,0,0,0,0,0,0,0,0,0,0,0,0,0,0,0,0,0,0,0,0,0,0,0,0,0,0,0,0,0,0,0,0,0,0,0,0,0,0,0,0,0,0,0,0,0,0,0,0,0,0,0,0,0,0,0,0,0,0,0,0,0
20,100,0,1.60000,3.50000,20,100,0,1.60000,4.00000,0,133,1.60000,3.50000,0.00600,5,1.65000,3.55000,0.00600,5,1.65000,3.95000,0.00600,5,1.60000,4.00000,0.00600,5,0,0,0,0,0,0,0,0,0,0,0,0,0,0,0,0,0,0,0,0,0,0,0,0,0,0,0,0,0,0,0,0,0,0,0,0,0,0,0,0,0,0,0,0,0,0,0,0,0,0,0,0,0,0,0,0,0,0,0,0,0,0,0,0,0,0,0,0,0,0,0,0,0,0,0,0,0,0,0,0,0,0,0,0,0,0,0,0,0,0,0,0,0,0,0,0,0,0,0,0,0,0,0,0,0,0,0,0,0,0,0,0,0,0,0,0,0,0,0,0,0,0,0,0,0,0,0,0,0,0,0,0,0,0,0,0,0,0,0,0,0,0,0,0,0,0,0,0,0,0,0,0,0,0,0,0,0,0,0,0,0,0,0,0,0,0,0,0,0,0,0,0,0,0,0,0,0,0,0,0,0,0,0,0,0,0,0,0,0,0,0
20,100,0,1.80000,3.30000,20,100,0,2.80000,2.65000,0,133,1.80000,3.30000,0.00600,4,1.80000,3.00000,0.00600,4,1.90000,2.90000,0.00600,4,2.30000,2.90000,0.00600,4,2.55000,2.65000,0.00600,5,2.65000,2.65000,0.00600,5,2.80000,2.65000,0.00600,1,0,0,0,0,0,0,0,0,0,0,0,0,0,0,0,0,0,0,0,0,0,0,0,0,0,0,0,0,0,0,0,0,0,0,0,0,0,0,0,0,0,0,0,0,0,0,0,0,0,0,0,0,0,0,0,0,0,0,0,0,0,0,0,0,0,0,0,0,0,0,0,0,0,0,0,0,0,0,0,0,0,0,0,0,0,0,0,0,0,0,0,0,0,0,0,0,0,0,0,0,0,0,0,0,0,0,0,0,0,0,0,0,0,0,0,0,0,0,0,0,0,0,0,0,0,0,0,0,0,0,0,0,0,0,0,0,0,0,0,0,0,0,0,0,0,0,0,0,0,0,0,0,0,0,0,0,0,0,0,0,0,0,0,0,0,0,0,0,0,0,0,0,0,0,0,0,0,0,0
20,100,0,1.80000,3.30000,20,100,0,1.80000,3.50000,0,133,1.80000,3.30000,0.00600,4,1.80000,3.00000,0.00600,4,1.90000,2.90000,0.00600,4,2.30000,2.90000,0.00600,4,1.95000,2.90000,0.00600,5,1.85000,3.00000,0.00600,5,1.85000,3.45000,0.00600,5,1.80000,3.50000,0.00600,5,0,0,0,0,0,0,0,0,0,0,0,0,0,0,0,0,0,0,0,0,0,0,0,0,0,0,0,0,0,0,0,0,0,0,0,0,0,0,0,0,0,0,0,0,0,0,0,0,0,0,0,0,0,0,0,0,0,0,0,0,0,0,0,0,0,0,0,0,0,0,0,0,0,0,0,0,0,0,0,0,0,0,0,0,0,0,0,0,0,0,0,0,0,0,0,0,0,0,0,0,0,0,0,0,0,0,0,0,0,0,0,0,0,0,0,0,0,0,0,0,0,0,0,0,0,0,0,0,0,0,0,0,0,0,0,0,0,0,0,0,0,0,0,0,0,0,0,0,0,0,0,0,0,0,0,0,0,0,0,0,0,0,0,0,0,0,0,0,0,0,0,0,0,0,0
20,100,0,1.80000,3.30000,20,100,0,1.80000,4.00000,0,133,1.80000,3.30000,0.00600,4,1.80000,3.00000,0.00600,4,1.90000,2.90000,0.00600,4,2.30000,2.90000,0.00600,4,1.95000,2.90000,0.00600,5,1.85000,3.00000,0.00600,5,1.85000,3.45000,0.00600,5,1.80000,3.50000,0.00600,5,1.85000,3.55000,0.00600,5,1.85000,3.95000,0.00600,5,1.80000,4.00000,0.00600,5,0,0,0,0,0,0,0,0,0,0,0,0,0,0,0,0,0,0,0,0,0,0,0,0,0,0,0,0,0,0,0,0,0,0,0,0,0,0,0,0,0,0,0,0,0,0,0,0,0,0,0,0,0,0,0,0,0,0,0,0,0,0,0,0,0,0,0,0,0,0,0,0,0,0,0,0,0,0,0,0,0,0,0,0,0,0,0,0,0,0,0,0,0,0,0,0,0,0,0,0,0,0,0,0,0,0,0,0,0,0,0,0,0,0,0,0,0,0,0,0,0,0,0,0,0,0,0,0,0,0,0,0,0,0,0,0,0,0,0,0,0,0,0,0,0,0,0,0,0,0,0,0,0,0,0,0,0,0,0,0,0,0,0
20,100,0,1.80000,3.30000,20,100,0,2.80000,2.55000,0,133,1.80000,3.30000,0.00600,4,1.80000,3.00000,0.00600,4,1.90000,2.90000,0.00600,4,2.30000,2.90000,0.00600,4,2.65000,2.55000,0.00600,4,2.80000,2.55000,0.00600,1,0,0,0,0,0,0,0,0,0,0,0,0,0,0,0,0,0,0,0,0,0,0,0,0,0,0,0,0,0,0,0,0,0,0,0,0,0,0,0,0,0,0,0,0,0,0,0,0,0,0,0,0,0,0,0,0,0,0,0,0,0,0,0,0,0,0,0,0,0,0,0,0,0,0,0,0,0,0,0,0,0,0,0,0,0,0,0,0,0,0,0,0,0,0,0,0,0,0,0,0,0,0,0,0,0,0,0,0,0,0,0,0,0,0,0,0,0,0,0,0,0,0,0,0,0,0,0,0,0,0,0,0,0,0,0,0,0,0,0,0,0,0,0,0,0,0,0,0,0,0,0,0,0,0,0,0,0,0,0,0,0,0,0,0,0,0,0,0,0,0,0,0,0,0,0,0,0,0,0,0,0,0,0
20,100,0,1.80000,3.30000,20,100,0,1.80000,3.80000,0,133,1.80000,3.30000,0.00600,4,1.85000,3.35000,0.00600,4,1.85000,3.75000,0.00600,4,1.80000,3.80000,0.00600,4,0,0,0,0,0,0,0,0,0,0,0,0,0,0,0,0,0,0,0,0,0,0,0,0,0,0,0,0,0,0,0,0,0,0,0,0,0,0,0,0,0,0,0,0,0,0,0,0,0,0,0,0,0,0,0,0,0,0,0,0,0,0,0,0,0,0,0,0,0,0,0,0,0,0,0,0,0,0,0,0,0,0,0,0,0,0,0,0,0,0,0,0,0,0,0,0,0,0,0,0,0,0,0,0,0,0,0,0,0,0,0,0,0,0,0,0,0,0,0,0,0,0,0,0,0,0,0,0,0,0,0,0,0,0,0,0,0,0,0,0,0,0,0,0,0,0,0,0,0,0,0,0,0,0,0,0,0,0,0,0,0,0,0,0,0,0,0,0,0,0,0,0,0,0,0,0,0,0,0,0,0,0,0,0,0,0,0,0,0,0,0
20,100,0,1.80000,3.50000,20,100,0,1.80000,4.00000,0,133,1.80000,3.50000,0.00600,5,1.85000,3.55000,0.00600,5,1.85000,3.95000,0.00600,5,1.80000,4.00000,0.00600,5,0,0,0,0,0,0,0,0,0,0,0,0,0,0,0,0,0,0,0,0,0,0,0,0,0,0,0,0,0,0,0,0,0,0,0,0,0,0,0,0,0,0,0,0,0,0,0,0,0,0,0,0,0,0,0,0,0,0,0,0,0,0,0,0,0,0,0,0,0,0,0,0,0,0,0,0,0,0,0,0,0,0,0,0,0,0,0,0,0,0,0,0,0,0,0,0,0,0,0,0,0,0,0,0,0,0,0,0,0,0,0,0,0,0,0,0,0,0,0,0,0,0,0,0,0,0,0,0,0,0,0,0,0,0,0,0,0,0,0,0,0,0,0,0,0,0,0,0,0,0,0,0,0,0,0,0,0,0,0,0,0,0,0,0,0,0,0,0,0,0,0,0,0,0,0,0,0,0,0,0,0,0,0,0,0,0,0,0,0,0,0
20,100,0,1.50000,3.50000,20,100,0,1.50000,4.00000,0,133,1.50000,3.50000,0.00600,5,1.55000,3.55000,0.00600,5,1.55000,3.95000,0.00600,5,1.50000,4.00000,0.00600,5,0,0,0,0,0,0,0,0,0,0,0,0,0,0,0,0,0,0,0,0,0,0,0,0,0,0,0,0,0,0,0,0,0,0,0,0,0,0,0,0,0,0,0,0,0,0,0,0,0,0,0,0,0,0,0,0,0,0,0,0,0,0,0,0,0,0,0,0,0,0,0,0,0,0,0,0,0,0,0,0,0,0,0,0,0,0,0,0,0,0,0,0,0,0,0,0,0,0,0,0,0,0,0,0,0,0,0,0,0,0,0,0,0,0,0,0,0,0,0,0,0,0,0,0,0,0,0,0,0,0,0,0,0,0,0,0,0,0,0,0,0,0,0,0,0,0,0,0,0,0,0,0,0,0,0,0,0,0,0,0,0,0,0,0,0,0,0,0,0,0,0,0,0,0,0,0,0,0,0,0,0,0,0,0,0,0,0,0,0,0,0
20,100,0,2.30000,3.50000,20,100,0,2.30000,4.00000,0,133,2.30000,3.50000,0.00600,2,2.35000,3.55000,0.00600,2,2.35000,3.95000,0.00600,2,2.30000,4.00000,0.00600,2,0,0,0,0,0,0,0,0,0,0,0,0,0,0,0,0,0,0,0,0,0,0,0,0,0,0,0,0,0,0,0,0,0,0,0,0,0,0,0,0,0,0,0,0,0,0,0,0,0,0,0,0,0,0,0,0,0,0,0,0,0,0,0,0,0,0,0,0,0,0,0,0,0,0,0,0,0,0,0,0,0,0,0,0,0,0,0,0,0,0,0,0,0,0,0,0,0,0,0,0,0,0,0,0,0,0,0,0,0,0,0,0,0,0,0,0,0,0,0,0,0,0,0,0,0,0,0,0,0,0,0,0,0,0,0,0,0,0,0,0,0,0,0,0,0,0,0,0,0,0,0,0,0,0,0,0,0,0,0,0,0,0,0,0,0,0,0,0,0,0,0,0,0,0,0,0,0,0,0,0,0,0,0,0,0,0,0,0,0,0,0
20,100,0,2.30000,3.50000,20,100,0,3.10000,2.70000,0,133,2.30000,3.50000,0.00600,2,2.35000,3.45000,0.00600,2,2.35000,3.15000,0.00600,2,2.40000,3.10000,0.00600,2,3.00000,3.10000,0.00600,2,3.07500,3.02500,0.00600,2,3.07500,2.72500,0.00600,2,3.10000,2.70000,0.00600,1,0,0,0,0,0,0,0,0,0,0,0,0,0,0,0,0,0,0,0,0,0,0,0,0,0,0,0,0,0,0,0,0,0,0,0,0,0,0,0,0,0,0,0,0,0,0,0,0,0,0,0,0,0,0,0,0,0,0,0,0,0,0,0,0,0,0,0,0,0,0,0,0,0,0,0,0,0,0,0,0,0,0,0,0,0,0,0,0,0,0,0,0,0,0,0,0,0,0,0,0,0,0,0,0,0,0,0,0,0,0,0,0,0,0,0,0,0,0,0,0,0,0,0,0,0,0,0,0,0,0,0,0,0,0,0,0,0,0,0,0,0,0,0,0,0,0,0,0,0,0,0,0,0,0,0,0,0,0,0,0,0,0,0,0,0,0,0,0,0,0,0,0,0,0,0
20,100,0,2.90000,2.75000,20,100,0,2.00000,3.30000,0,133,2.90000,2.75000,0.00600,1,2.90000,2.80000,0.00600,1,2.90000,2.85000,0.00600,7,2.82500,2.92500,0.00600,7,2.05000,2.92500,0.00600,7,2.00000,2.97500,0.00600,7,2.00000,3.30000,0.00600,7,0,0,0,0,0,0,0,0,0,0,0,0,0,0,0,0,0,0,0,0,0,0,0,0,0,0,0,0,0,0,0,0,0,0,0,0,0,0,0,0,0,0,0,0,0,0,0,0,0,0,0,0,0,0,0,0,0,0,0,0,0,0,0,0,0,0,0,0,0,0,0,0,0,0,0,0,0,0,0,0,0,0,0,0,0,0,0,0,0,0,0,0,0,0,0,0,0,0,0,0,0,0,0,0,0,0,0,0,0,0,0,0,0,0,0,0,0,0,0,0,0,0,0,0,0,0,0,0,0,0,0,0,0,0,0,0,0,0,0,0,0,0,0,0,0,0,0,0,0,0,0,0,0,0,0,0,0,0,0,0,0,0,0,0,0,0,0,0,0,0,0,0,0,0,0,0,0,0,0
20,100,0,2.90000,2.75000,20,100,0,2.00000,3.80000,0,133,2.90000,2.75000,0.00600,1,2.90000,2.80000,0.00600,1,2.90000,2.85000,0.00600,7,2.82500,2.92500,0.00600,7,2.05000,2.92500,0.00600,7,2.00000,2.97500,0.00600,7,2.00000,3.30000,0.00600,7,2.05000,3.35000,0.00600,7,2.05000,3.75000,0.00600,7,2.00000,3.80000,0.00600,7,0,0,0,0,0,0,0,0,0,0,0,0,0,0,0,0,0,0,0,0,0,0,0,0,0,0,0,0,0,0,0,0,0,0,0,0,0,0,0,0,0,0,0,0,0,0,0,0,0,0,0,0,0,0,0,0,0,0,0,0,0,0,0,0,0,0,0,0,0,0,0,0,0,0,0,0,0,0,0,0,0,0,0,0,0,0,0,0,0,0,0,0,0,0,0,0,0,0,0,0,0,0,0,0,0,0,0,0,0,0,0,0,0,0,0,0,0,0,0,0,0,0,0,0,0,0,0,0,0,0,0,0,0,0,0,0,0,0,0,0,0,0,0,0,0,0,0,0,0,0,0,0,0,0,0,0,0,0,0,0,0,0,0,0,0,0,0
20,100,0,2.00000,3.30000,20,100,0,2.00000,3.80000,0,133,2.00000,3.30000,0.00600,7,2.05000,3.35000,0.00600,7,2.05000,3.75000,0.00600,7,2.00000,3.80000,0.00600,7,0,0,0,0,0,0,0,0,0,0,0,0,0,0,0,0,0,0,0,0,0,0,0,0,0,0,0,0,0,0,0,0,0,0,0,0,0,0,0,0,0,0,0,0,0,0,0,0,0,0,0,0,0,0,0,0,0,0,0,0,0,0,0,0,0,0,0,0,0,0,0,0,0,0,0,0,0,0,0,0,0,0,0,0,0,0,0,0,0,0,0,0,0,0,0,0,0,0,0,0,0,0,0,0,0,0,0,0,0,0,0,0,0,0,0,0,0,0,0,0,0,0,0,0,0,0,0,0,0,0,0,0,0,0,0,0,0,0,0,0,0,0,0,0,0,0,0,0,0,0,0,0,0,0,0,0,0,0,0,0,0,0,0,0,0,0,0,0,0,0,0,0,0,0,0,0,0,0,0,0,0,0,0,0,0,0,0,0,0,0,0
20,100,0,2.00000,3.50000,20,100,0,2.00000,4.00000,0,133,2.00000,3.50000,0.00600,2,2.05000,3.55000,0.00600,2,2.05000,3.95000,0.00600,2,2.00000,4.00000,0.00600,2,0,0,0,0,0,0,0,0,0,0,0,0,0,0,0,0,0,0,0,0,0,0,0,0,0,0,0,0,0,0,0,0,0,0,0,0,0,0,0,0,0,0,0,0,0,0,0,0,0,0,0,0,0,0,0,0,0,0,0,0,0,0,0,0,0,0,0,0,0,0,0,0,0,0,0,0,0,0,0,0,0,0,0,0,0,0,0,0,0,0,0,0,0,0,0,0,0,0,0,0,0,0,0,0,0,0,0,0,0,0,0,0,0,0,0,0,0,0,0,0,0,0,0,0,0,0,0,0,0,0,0,0,0,0,0,0,0,0,0,0,0,0,0,0,0,0,0,0,0,0,0,0,0,0,0,0,0,0,0,0,0,0,0,0,0,0,0,0,0,0,0,0,0,0,0,0,0,0,0,0,0,0,0,0,0,0,0,0,0,0,0
20,100,0,2.00000,3.50000,20,100,0,2.95000,2.70000,0,133,2.00000,3.50000,0.00600,2,2.05000,3.45000,0.00600,2,2.05000,3.00000,0.00600,2,2.10000,2.95000,0.00600,2,2.85000,2.95000,0.00600,2,2.92500,2.87500,0.00600,2,2.92600,2.72400,0.00600,2,2.95000,2.70000,0.00600,1,0,0,0,0,0,0,0,0,0,0,0,0,0,0,0,0,0,0,0,0,0,0,0,0,0,0,0,0,0,0,0,0,0,0,0,0,0,0,0,0,0,0,0,0,0,0,0,0,0,0,0,0,0,0,0,0,0,0,0,0,0,0,0,0,0,0,0,0,0,0,0,0,0,0,0,0,0,0,0,0,0,0,0,0,0,0,0,0,0,0,0,0,0,0,0,0,0,0,0,0,0,0,0,0,0,0,0,0,0,0,0,0,0,0,0,0,0,0,0,0,0,0,0,0,0,0,0,0,0,0,0,0,0,0,0,0,0,0,0,0,0,0,0,0,0,0,0,0,0,0,0,0,0,0,0,0,0,0,0,0,0,0,0,0,0,0,0,0,0,0,0,0,0,0,0
20,100,0,2.95000,2.75000,20,100,0,2.10000,3.30000,0,133,2.95000,2.75000,0.00600,1,2.95000,2.80000,0.00600,1,2.95000,2.90000,0.00600,7,2.87500,2.97500,0.00600,7,2.15000,2.97500,0.00600,7,2.10000,3.02500,0.00600,7,2.10000,3.30000,0.00600,7,0,0,0,0,0,0,0,0,0,0,0,0,0,0,0,0,0,0,0,0,0,0,0,0,0,0,0,0,0,0,0,0,0,0,0,0,0,0,0,0,0,0,0,0,0,0,0,0,0,0,0,0,0,0,0,0,0,0,0,0,0,0,0,0,0,0,0,0,0,0,0,0,0,0,0,0,0,0,0,0,0,0,0,0,0,0,0,0,0,0,0,0,0,0,0,0,0,0,0,0,0,0,0,0,0,0,0,0,0,0,0,0,0,0,0,0,0,0,0,0,0,0,0,0,0,0,0,0,0,0,0,0,0,0,0,0,0,0,0,0,0,0,0,0,0,0,0,0,0,0,0,0,0,0,0,0,0,0,0,0,0,0,0,0,0,0,0,0,0,0,0,0,0,0,0,0,0,0,0
20,100,0,2.95000,2.75000,20,100,0,2.10000,3.80000,0,133,2.95000,2.75000,0.00600,1,2.95000,2.80000,0.00600,1,2.95000,2.90000,0.00600,7,2.87500,2.97500,0.00600,7,2.15000,2.97500,0.00600,7,2.10000,3.02500,0.00600,7,2.10000,3.30000,0.00600,7,2.15000,3.35000,0.00600,7,2.15000,3.75000,0.00600,7,2.10000,3.80000,0.00600,7,0,0,0,0,0,0,0,0,0,0,0,0,0,0,0,0,0,0,0,0,0,0,0,0,0,0,0,0,0,0,0,0,0,0,0,0,0,0,0,0,0,0,0,0,0,0,0,0,0,0,0,0,0,0,0,0,0,0,0,0,0,0,0,0,0,0,0,0,0,0,0,0,0,0,0,0,0,0,0,0,0,0,0,0,0,0,0,0,0,0,0,0,0,0,0,0,0,0,0,0,0,0,0,0,0,0,0,0,0,0,0,0,0,0,0,0,0,0,0,0,0,0,0,0,0,0,0,0,0,0,0,0,0,0,0,0,0,0,0,0,0,0,0,0,0,0,0,0,0,0,0,0,0,0,0,0,0,0,0,0,0,0,0,0,0,0,0
20,100,0,2.10000,3.30000,20,100,0,2.10000,3.80000,0,133,2.10000,3.30000,0.00600,7,2.15000,3.35000,0.00600,7,2.15000,3.75000,0.00600,7,2.10000,3.80000,0.00600,7,0,0,0,0,0,0,0,0,0,0,0,0,0,0,0,0,0,0,0,0,0,0,0,0,0,0,0,0,0,0,0,0,0,0,0,0,0,0,0,0,0,0,0,0,0,0,0,0,0,0,0,0,0,0,0,0,0,0,0,0,0,0,0,0,0,0,0,0,0,0,0,0,0,0,0,0,0,0,0,0,0,0,0,0,0,0,0,0,0,0,0,0,0,0,0,0,0,0,0,0,0,0,0,0,0,0,0,0,0,0,0,0,0,0,0,0,0,0,0,0,0,0,0,0,0,0,0,0,0,0,0,0,0,0,0,0,0,0,0,0,0,0,0,0,0,0,0,0,0,0,0,0,0,0,0,0,0,0,0,0,0,0,0,0,0,0,0,0,0,0,0,0,0,0,0,0,0,0,0,0,0,0,0,0,0,0,0,0,0,0,0
20,100,0,2.10000,3.50000,20,100,0,3.00000,2.70000,0,133,2.10000,3.50000,0.00600,2,2.15000,3.45000,0.00600,2,2.15000,3.05000,0.00600,2,2.20000,3.00000,0.00600,2,2.90000,3.00000,0.00600,2,2.97500,2.92500,0.00600,2,2.97500,2.72500,0.00600,2,3.00000,2.70000,0.00600,1,0,0,0,0,0,0,0,0,0,0,0,0,0,0,0,0,0,0,0,0,0,0,0,0,0,0,0,0,0,0,0,0,0,0,0,0,0,0,0,0,0,0,0,0,0,0,0,0,0,0,0,0,0,0,0,0,0,0,0,0,0,0,0,0,0,0,0,0,0,0,0,0,0,0,0,0,0,0,0,0,0,0,0,0,0,0,0,0,0,0,0,0,0,0,0,0,0,0,0,0,0,0,0,0,0,0,0,0,0,0,0,0,0,0,0,0,0,0,0,0,0,0,0,0,0,0,0,0,0,0,0,0,0,0,0,0,0,0,0,0,0,0,0,0,0,0,0,0,0,0,0,0,0,0,0,0,0,0,0,0,0,0,0,0,0,0,0,0,0,0,0,0,0,0,0
20,100,0,2.10000,3.50000,20,100,0,2.10000,4.00000,0,133,2.10000,3.50000,0.00600,2,2.15000,3.55000,0.00600,2,2.15000,3.95000,0.00600,2,2.10000,4.00000,0.00600,2,0,0,0,0,0,0,0,0,0,0,0,0,0,0,0,0,0,0,0,0,0,0,0,0,0,0,0,0,0,0,0,0,0,0,0,0,0,0,0,0,0,0,0,0,0,0,0,0,0,0,0,0,0,0,0,0,0,0,0,0,0,0,0,0,0,0,0,0,0,0,0,0,0,0,0,0,0,0,0,0,0,0,0,0,0,0,0,0,0,0,0,0,0,0,0,0,0,0,0,0,0,0,0,0,0,0,0,0,0,0,0,0,0,0,0,0,0,0,0,0,0,0,0,0,0,0,0,0,0,0,0,0,0,0,0,0,0,0,0,0,0,0,0,0,0,0,0,0,0,0,0,0,0,0,0,0,0,0,0,0,0,0,0,0,0,0,0,0,0,0,0,0,0,0,0,0,0,0,0,0,0,0,0,0,0,0,0,0,0,0,0
20,100,0,3.00000,2.75000,20,100,0,2.20000,3.30000,0,133,3.00000,2.75000,0.00600,1,3.00000,2.80200,0.00600,1,3.00000,2.95000,0.00600,7,2.92500,3.02500,0.00600,7,2.25000,3.02500,0.00600,7,2.20000,3.07500,0.00600,7,2.20000,3.30000,0.00600,7,0,0,0,0,0,0,0,0,0,0,0,0,0,0,0,0,0,0,0,0,0,0,0,0,0,0,0,0,0,0,0,0,0,0,0,0,0,0,0,0,0,0,0,0,0,0,0,0,0,0,0,0,0,0,0,0,0,0,0,0,0,0,0,0,0,0,0,0,0,0,0,0,0,0,0,0,0,0,0,0,0,0,0,0,0,0,0,0,0,0,0,0,0,0,0,0,0,0,0,0,0,0,0,0,0,0,0,0,0,0,0,0,0,0,0,0,0,0,0,0,0,0,0,0,0,0,0,0,0,0,0,0,0,0,0,0,0,0,0,0,0,0,0,0,0,0,0,0,0,0,0,0,0,0,0,0,0,0,0,0,0,0,0,0,0,0,0,0,0,0,0,0,0,0,0,0,0,0,0
20,100,0,3.00000,2.75000,20,100,0,2.20000,3.80000,0,133,3.00000,2.75000,0.00600,1,3.00000,2.80200,0.00600,1,3.00000,2.95000,0.00600,7,2.92500,3.02500,0.00600,7,2.25000,3.02500,0.00600,7,2.20000,3.07500,0.00600,7,2.20000,3.30000,0.00600,7,2.25000,3.35000,0.00600,7,2.25000,3.75000,0.00600,7,2.20000,3.80000,0.00600,7,0,0,0,0,0,0,0,0,0,0,0,0,0,0,0,0,0,0,0,0,0,0,0,0,0,0,0,0,0,0,0,0,0,0,0,0,0,0,0,0,0,0,0,0,0,0,0,0,0,0,0,0,0,0,0,0,0,0,0,0,0,0,0,0,0,0,0,0,0,0,0,0,0,0,0,0,0,0,0,0,0,0,0,0,0,0,0,0,0,0,0,0,0,0,0,0,0,0,0,0,0,0,0,0,0,0,0,0,0,0,0,0,0,0,0,0,0,0,0,0,0,0,0,0,0,0,0,0,0,0,0,0,0,0,0,0,0,0,0,0,0,0,0,0,0,0,0,0,0,0,0,0,0,0,0,0,0,0,0,0,0,0,0,0,0,0,0
20,100,0,2.20000,3.30000,20,100,0,2.20000,3.80000,0,133,2.20000,3.30000,0.00600,7,2.25000,3.35000,0.00600,7,2.25000,3.75000,0.00600,7,2.20000,3.80000,0.00600,7,0,0,0,0,0,0,0,0,0,0,0,0,0,0,0,0,0,0,0,0,0,0,0,0,0,0,0,0,0,0,0,0,0,0,0,0,0,0,0,0,0,0,0,0,0,0,0,0,0,0,0,0,0,0,0,0,0,0,0,0,0,0,0,0,0,0,0,0,0,0,0,0,0,0,0,0,0,0,0,0,0,0,0,0,0,0,0,0,0,0,0,0,0,0,0,0,0,0,0,0,0,0,0,0,0,0,0,0,0,0,0,0,0,0,0,0,0,0,0,0,0,0,0,0,0,0,0,0,0,0,0,0,0,0,0,0,0,0,0,0,0,0,0,0,0,0,0,0,0,0,0,0,0,0,0,0,0,0,0,0,0,0,0,0,0,0,0,0,0,0,0,0,0,0,0,0,0,0,0,0,0,0,0,0,0,0,0,0,0,0,0
20,100,0,2.20000,3.50000,20,100,0,3.05000,2.70000,0,133,2.20000,3.50000,0.00600,2,2.25000,3.45000,0.00600,2,2.25000,3.10000,0.00600,2,2.30000,3.05000,0.00600,2,2.95000,3.05000,0.00600,2,3.02500,2.97500,0.00600,2,3.02500,2.72500,0.00600,2,3.05000,2.70000,0.00600,1,0,0,0,0,0,0,0,0,0,0,0,0,0,0,0,0,0,0,0,0,0,0,0,0,0,0,0,0,0,0,0,0,0,0,0,0,0,0,0,0,0,0,0,0,0,0,0,0,0,0,0,0,0,0,0,0,0,0,0,0,0,0,0,0,0,0,0,0,0,0,0,0,0,0,0,0,0,0,0,0,0,0,0,0,0,0,0,0,0,0,0,0,0,0,0,0,0,0,0,0,0,0,0,0,0,0,0,0,0,0,0,0,0,0,0,0,0,0,0,0,0,0,0,0,0,0,0,0,0,0,0,0,0,0,0,0,0,0,0,0,0,0,0,0,0,0,0,0,0,0,0,0,0,0,0,0,0,0,0,0,0,0,0,0,0,0,0,0,0,0,0,0,0,0,0
20,100,0,2.20000,3.50000,20,100,0,2.20000,4.00000,0,133,2.20000,3.50000,0.00600,2,2.25000,3.55000,0.00600,2,2.25000,3.95000,0.00600,2,2.20000,4.00000,0.00600,2,0,0,0,0,0,0,0,0,0,0,0,0,0,0,0,0,0,0,0,0,0,0,0,0,0,0,0,0,0,0,0,0,0,0,0,0,0,0,0,0,0,0,0,0,0,0,0,0,0,0,0,0,0,0,0,0,0,0,0,0,0,0,0,0,0,0,0,0,0,0,0,0,0,0,0,0,0,0,0,0,0,0,0,0,0,0,0,0,0,0,0,0,0,0,0,0,0,0,0,0,0,0,0,0,0,0,0,0,0,0,0,0,0,0,0,0,0,0,0,0,0,0,0,0,0,0,0,0,0,0,0,0,0,0,0,0,0,0,0,0,0,0,0,0,0,0,0,0,0,0,0,0,0,0,0,0,0,0,0,0,0,0,0,0,0,0,0,0,0,0,0,0,0,0,0,0,0,0,0,0,0,0,0,0,0,0,0,0,0,0,0
20,100,0,3.05000,2.75000,20,100,0,2.30000,3.30000,0,133,3.05000,2.75000,0.00600,1,3.05000,2.80000,0.00600,1,3.05000,2.80100,0.00600,4,3.05000,3.00000,0.00600,7,2.97500,3.07500,0.00600,7,2.35000,3.07500,0.00600,7,2.30000,3.12500,0.00600,7,2.30000,3.30000,0.00600,7,0,0,0,0,0,0,0,0,0,0,0,0,0,0,0,0,0,0,0,0,0,0,0,0,0,0,0,0,0,0,0,0,0,0,0,0,0,0,0,0,0,0,0,0,0,0,0,0,0,0,0,0,0,0,0,0,0,0,0,0,0,0,0,0,0,0,0,0,0,0,0,0,0,0,0,0,0,0,0,0,0,0,0,0,0,0,0,0,0,0,0,0,0,0,0,0,0,0,0,0,0,0,0,0,0,0,0,0,0,0,0,0,0,0,0,0,0,0,0,0,0,0,0,0,0,0,0,0,0,0,0,0,0,0,0,0,0,0,0,0,0,0,0,0,0,0,0,0,0,0,0,0,0,0,0,0,0,0,0,0,0,0,0,0,0,0,0,0,0,0,0,0,0,0,0
20,100,0,3.05000,2.75000,20,100,0,2.30000,3.80000,0,133,3.05000,2.75000,0.00600,1,3.05000,2.80000,0.00600,1,3.05000,2.80100,0.00600,4,3.05000,3.00000,0.00600,7,2.97500,3.07500,0.00600,7,2.35000,3.07500,0.00600,7,2.30000,3.12500,0.00600,7,2.30000,3.30000,0.00600,7,2.35000,3.35000,0.00600,7,2.35000,3.75000,0.00600,7,2.30000,3.80000,0.00600,7,0,0,0,0,0,0,0,0,0,0,0,0,0,0,0,0,0,0,0,0,0,0,0,0,0,0,0,0,0,0,0,0,0,0,0,0,0,0,0,0,0,0,0,0,0,0,0,0,0,0,0,0,0,0,0,0,0,0,0,0,0,0,0,0,0,0,0,0,0,0,0,0,0,0,0,0,0,0,0,0,0,0,0,0,0,0,0,0,0,0,0,0,0,0,0,0,0,0,0,0,0,0,0,0,0,0,0,0,0,0,0,0,0,0,0,0,0,0,0,0,0,0,0,0,0,0,0,0,0,0,0,0,0,0,0,0,0,0,0,0,0,0,0,0,0,0,0,0,0,0,0,0,0,0,0,0,0,0,0,0,0,0,0
20,100,0,2.30000,3.30000,20,100,0,2.30000,3.80000,0,133,2.30000,3.30000,0.00600,7,2.35000,3.35000,0.00600,7,2.35000,3.75000,0.00600,7,2.30000,3.80000,0.00600,7,0,0,0,0,0,0,0,0,0,0,0,0,0,0,0,0,0,0,0,0,0,0,0,0,0,0,0,0,0,0,0,0,0,0,0,0,0,0,0,0,0,0,0,0,0,0,0,0,0,0,0,0,0,0,0,0,0,0,0,0,0,0,0,0,0,0,0,0,0,0,0,0,0,0,0,0,0,0,0,0,0,0,0,0,0,0,0,0,0,0,0,0,0,0,0,0,0,0,0,0,0,0,0,0,0,0,0,0,0,0,0,0,0,0,0,0,0,0,0,0,0,0,0,0,0,0,0,0,0,0,0,0,0,0,0,0,0,0,0,0,0,0,0,0,0,0,0,0,0,0,0,0,0,0,0,0,0,0,0,0,0,0,0,0,0,0,0,0,0,0,0,0,0,0,0,0,0,0,0,0,0,0,0,0,0,0,0,0,0,0,0
20,100,0,2.50000,3.30000,20,100,0,2.50000,3.80000,0,133,2.50000,3.30000,0.00600,4,2.55000,3.35000,0.00600,4,2.55000,3.75000,0.00600,4,2.50000,3.80000,0.00600,4,0,0,0,0,0,0,0,0,0,0,0,0,0,0,0,0,0,0,0,0,0,0,0,0,0,0,0,0,0,0,0,0,0,0,0,0,0,0,0,0,0,0,0,0,0,0,0,0,0,0,0,0,0,0,0,0,0,0,0,0,0,0,0,0,0,0,0,0,0,0,0,0,0,0,0,0,0,0,0,0,0,0,0,0,0,0,0,0,0,0,0,0,0,0,0,0,0,0,0,0,0,0,0,0,0,0,0,0,0,0,0,0,0,0,0,0,0,0,0,0,0,0,0,0,0,0,0,0,0,0,0,0,0,0,0,0,0,0,0,0,0,0,0,0,0,0,0,0,0,0,0,0,0,0,0,0,0,0,0,0,0,0,0,0,0,0,0,0,0,0,0,0,0,0,0,0,0,0,0,0,0,0,0,0,0,0,0,0,0,0,0
20,100,0,2.50000,3.30000,20,100,0,3.10000,2.75000,0,133,2.50000,3.30000,0.00600,4,2.50000,3.20000,0.00600,4,2.55000,3.15000,0.00600,4,3.05000,3.15000,0.00600,4,3.10000,3.10000,0.00600,4,3.10000,2.80000,0.00600,4,3.10000,2.75000,0.00600,1,0,0,0,0,0,0,0,0,0,0,0,0,0,0,0,0,0,0,0,0,0,0,0,0,0,0,0,0,0,0,0,0,0,0,0,0,0,0,0,0,0,0,0,0,0,0,0,0,0,0,0,0,0,0,0,0,0,0,0,0,0,0,0,0,0,0,0,0,0,0,0,0,0,0,0,0,0,0,0,0,0,0,0,0,0,0,0,0,0,0,0,0,0,0,0,0,0,0,0,0,0,0,0,0,0,0,0,0,0,0,0,0,0,0,0,0,0,0,0,0,0,0,0,0,0,0,0,0,0,0,0,0,0,0,0,0,0,0,0,0,0,0,0,0,0,0,0,0,0,0,0,0,0,0,0,0,0,0,0,0,0,0,0,0,0,0,0,0,0,0,0,0,0,0,0,0,0,0,0
20,100,0,3.30000,3.30000,20,100,0,3.30000,3.80000,0,133,3.30000,3.30000,0.00600,7,3.35000,3.35000,0.00600,7,3.35000,3.75000,0.00600,7,3.30000,3.80000,0.00600,7,0,0,0,0,0,0,0,0,0,0,0,0,0,0,0,0,0,0,0,0,0,0,0,0,0,0,0,0,0,0,0,0,0,0,0,0,0,0,0,0,0,0,0,0,0,0,0,0,0,0,0,0,0,0,0,0,0,0,0,0,0,0,0,0,0,0,0,0,0,0,0,0,0,0,0,0,0,0,0,0,0,0,0,0,0,0,0,0,0,0,0,0,0,0,0,0,0,0,0,0,0,0,0,0,0,0,0,0,0,0,0,0,0,0,0,0,0,0,0,0,0,0,0,0,0,0,0,0,0,0,0,0,0,0,0,0,0,0,0,0,0,0,0,0,0,0,0,0,0,0,0,0,0,0,0,0,0,0,0,0,0,0,0,0,0,0,0,0,0,0,0,0,0,0,0,0,0,0,0,0,0,0,0,0,0,0,0,0,0,0,0
20,100,0,3.59578,3.99961,20,100,0,3.65000,2.75000,0,133,3.59578,3.99961,0.00600,2,3.65000,3.95000,0.00600,2,3.65000,3.55000,0.00600,2,3.59788,3.50212,0.00600,2,3.59788,3.49769,0.00600,4,3.65000,3.45000,0.00600,2,3.65000,2.79900,0.00600,2,3.65000,2.75000,0.00600,1,0,0,0,0,0,0,0,0,0,0,0,0,0,0,0,0,0,0,0,0,0,0,0,0,0,0,0,0,0,0,0,0,0,0,0,0,0,0,0,0,0,0,0,0,0,0,0,0,0,0,0,0,0,0,0,0,0,0,0,0,0,0,0,0,0,0,0,0,0,0,0,0,0,0,0,0,0,0,0,0,0,0,0,0,0,0,0,0,0,0,0,0,0,0,0,0,0,0,0,0,0,0,0,0,0,0,0,0,0,0,0,0,0,0,0,0,0,0,0,0,0,0,0,0,0,0,0,0,0,0,0,0,0,0,0,0,0,0,0,0,0,0,0,0,0,0,0,0,0,0,0,0,0,0,0,0,0,0,0,0,0,0,0,0,0,0,0,0,0,0,0,0,0,0,0
20,100,0,3.59578,3.99961,20,100,0,3.59578,3.49961,0,133,3.59578,3.99961,0.00600,2,3.65000,3.95000,0.00600,2,3.65000,3.55000,0.00600,2,3.59788,3.50212,0.00600,2,3.59788,3.49769,0.00600,4,3.59578,3.49961,0.00600,4,0,0,0,0,0,0,0,0,0,0,0,0,0,0,0,0,0,0,0,0,0,0,0,0,0,0,0,0,0,0,0,0,0,0,0,0,0,0,0,0,0,0,0,0,0,0,0,0,0,0,0,0,0,0,0,0,0,0,0,0,0,0,0,0,0,0,0,0,0,0,0,0,0,0,0,0,0,0,0,0,0,0,0,0,0,0,0,0,0,0,0,0,0,0,0,0,0,0,0,0,0,0,0,0,0,0,0,0,0,0,0,0,0,0,0,0,0,0,0,0,0,0,0,0,0,0,0,0,0,0,0,0,0,0,0,0,0,0,0,0,0,0,0,0,0,0,0,0,0,0,0,0,0,0,0,0,0,0,0,0,0,0,0,0,0,0,0,0,0,0,0,0,0,0,0,0,0,0,0,0,0,0,0
20,100,0,3.60000,3.30000,20,100,0,3.70000,2.70000,0,133,3.60000,3.30000,0.00600,4,3.65000,3.25000,0.00600,4,3.65000,3.10000,0.00600,4,3.67500,3.07500,0.00600,4,3.67500,2.72500,0.00600,4,3.70000,2.70000,0.00600,1,0,0,0,0,0,0,0,0,0,0,0,0,0,0,0,0,0,0,0,0,0,0,0,0,0,0,0,0,0,0,0,0,0,0,0,0,0,0,0,0,0,0,0,0,0,0,0,0,0,0,0,0,0,0,0,0,0,0,0,0,0,0,0,0,0,0,0,0,0,0,0,0,0,0,0,0,0,0,0,0,0,0,0,0,0,0,0,0,0,0,0,0,0,0,0,0,0,0,0,0,0,0,0,0,0,0,0,0,0,0,0,0,0,0,0,0,0,0,0,0,0,0,0,0,0,0,0,0,0,0,0,0,0,0,0,0,0,0,0,0,0,0,0,0,0,0,0,0,0,0,0,0,0,0,0,0,0,0,0,0,0,0,0,0,0,0,0,0,0,0,0,0,0,0,0,0,0,0,0,0,0,0,0
20,100,0,3.60000,3.30000,20,100,0,3.60000,3.80000,0,133,3.60000,3.30000,0.00600,4,3.65000,3.32500,0.00600,4,3.65000,3.75000,0.00600,4,3.60000,3.80000,0.00600,4,0,0,0,0,0,0,0,0,0,0,0,0,0,0,0,0,0,0,0,0,0,0,0,0,0,0,0,0,0,0,0,0,0,0,0,0,0,0,0,0,0,0,0,0,0,0,0,0,0,0,0,0,0,0,0,0,0,0,0,0,0,0,0,0,0,0,0,0,0,0,0,0,0,0,0,0,0,0,0,0,0,0,0,0,0,0,0,0,0,0,0,0,0,0,0,0,0,0,0,0,0,0,0,0,0,0,0,0,0,0,0,0,0,0,0,0,0,0,0,0,0,0,0,0,0,0,0,0,0,0,0,0,0,0,0,0,0,0,0,0,0,0,0,0,0,0,0,0,0,0,0,0,0,0,0,0,0,0,0,0,0,0,0,0,0,0,0,0,0,0,0,0,0,0,0,0,0,0,0,0,0,0,0,0,0,0,0,0,0,0,0
20,100,0,3.70000,3.30000,20,100,0,3.75000,2.75000,0,133,3.70000,3.30000,0.00600,4,3.75000,3.24700,0.00600,4,3.75000,3.25000,0.00600,4,3.75000,2.80200,0.00600,4,3.75000,2.75000,0.00600,1,0,0,0,0,0,0,0,0,0,0,0,0,0,0,0,0,0,0,0,0,0,0,0,0,0,0,0,0,0,0,0,0,0,0,0,0,0,0,0,0,0,0,0,0,0,0,0,0,0,0,0,0,0,0,0,0,0,0,0,0,0,0,0,0,0,0,0,0,0,0,0,0,0,0,0,0,0,0,0,0,0,0,0,0,0,0,0,0,0,0,0,0,0,0,0,0,0,0,0,0,0,0,0,0,0,0,0,0,0,0,0,0,0,0,0,0,0,0,0,0,0,0,0,0,0,0,0,0,0,0,0,0,0,0,0,0,0,0,0,0,0,0,0,0,0,0,0,0,0,0,0,0,0,0,0,0,0,0,0,0,0,0,0,0,0,0,0,0,0,0,0,0,0,0,0,0,0,0,0,0,0,0,0,0,0,0,0
20,100,0,3.70000,3.30000,20,100,0,3.70000,3.80000,0,133,3.70000,3.30000,0.00600,4,3.70000,3.27500,0.00600,4,3.75000,3.32500,0.00600,4,3.75000,3.75000,0.00600,4,3.70000,3.80000,0.00600,4,0,0,0,0,0,0,0,0,0,0,0,0,0,0,0,0,0,0,0,0,0,0,0,0,0,0,0,0,0,0,0,0,0,0,0,0,0,0,0,0,0,0,0,0,0,0,0,0,0,0,0,0,0,0,0,0,0,0,0,0,0,0,0,0,0,0,0,0,0,0,0,0,0,0,0,0,0,0,0,0,0,0,0,0,0,0,0,0,0,0,0,0,0,0,0,0,0,0,0,0,0,0,0,0,0,0,0,0,0,0,0,0,0,0,0,0,0,0,0,0,0,0,0,0,0,0,0,0,0,0,0,0,0,0,0,0,0,0,0,0,0,0,0,0,0,0,0,0,0,0,0,0,0,0,0,0,0,0,0,0,0,0,0,0,0,0,0,0,0,0,0,0,0,0,0,0,0,0,0,0,0,0,0,0,0,0,0
20,100,0,3.69472,3.50328,20,100,0,3.80000,2.65000,0,133,3.69472,3.50328,0.00600,2,3.75000,3.44800,0.00600,2,3.75000,3.10000,0.00600,2,3.77500,3.07500,0.00600,2,3.77500,2.61050,0.00600,2,3.78550,2.60000,0.00600,2,3.80000,2.60000,0.00600,2,3.80000,2.65000,0.00600,1,0,0,0,0,0,0,0,0,0,0,0,0,0,0,0,0,0,0,0,0,0,0,0,0,0,0,0,0,0,0,0,0,0,0,0,0,0,0,0,0,0,0,0,0,0,0,0,0,0,0,0,0,0,0,0,0,0,0,0,0,0,0,0,0,0,0,0,0,0,0,0,0,0,0,0,0,0,0,0,0,0,0,0,0,0,0,0,0,0,0,0,0,0,0,0,0,0,0,0,0,0,0,0,0,0,0,0,0,0,0,0,0,0,0,0,0,0,0,0,0,0,0,0,0,0,0,0,0,0,0,0,0,0,0,0,0,0,0,0,0,0,0,0,0,0,0,0,0,0,0,0,0,0,0,0,0,0,0,0,0,0,0,0,0,0,0,0,0,0,0,0,0,0,0,0
20,100,0,3.69472,3.50328,20,100,0,3.69472,4.00328,0,133,3.69472,3.50328,0.00600,2,3.75000,3.55000,0.00600,2,3.75000,3.95656,0.00600,2,3.69472,4.00328,0.00600,2,0,0,0,0,0,0,0,0,0,0,0,0,0,0,0,0,0,0,0,0,0,0,0,0,0,0,0,0,0,0,0,0,0,0,0,0,0,0,0,0,0,0,0,0,0,0,0,0,0,0,0,0,0,0,0,0,0,0,0,0,0,0,0,0,0,0,0,0,0,0,0,0,0,0,0,0,0,0,0,0,0,0,0,0,0,0,0,0,0,0,0,0,0,0,0,0,0,0,0,0,0,0,0,0,0,0,0,0,0,0,0,0,0,0,0,0,0,0,0,0,0,0,0,0,0,0,0,0,0,0,0,0,0,0,0,0,0,0,0,0,0,0,0,0,0,0,0,0,0,0,0,0,0,0,0,0,0,0,0,0,0,0,0,0,0,0,0,0,0,0,0,0,0,0,0,0,0,0,0,0,0,0,0,0,0,0,0,0,0,0,0
20,100,0,3.80000,3.30000,20,100,0,3.90000,2.65000,0,133,3.80000,3.30000,0.00600,4,3.85000,3.25000,0.00600,4,3.85000,2.95000,0.00600,4,3.85000,2.90000,0.00600,4,3.87500,2.87500,0.00600,4,3.87500,2.56850,0.00600,4,3.88450,2.55800,0.00600,4,3.89900,2.55800,0.00600,4,3.90000,2.55700,0.00600,4,3.90000,2.65000,0.00600,1,0,0,0,0,0,0,0,0,0,0,0,0,0,0,0,0,0,0,0,0,0,0,0,0,0,0,0,0,0,0,0,0,0,0,0,0,0,0,0,0,0,0,0,0,0,0,0,0,0,0,0,0,0,0,0,0,0,0,0,0,0,0,0,0,0,0,0,0,0,0,0,0,0,0,0,0,0,0,0,0,0,0,0,0,0,0,0,0,0,0,0,0,0,0,0,0,0,0,0,0,0,0,0,0,0,0,0,0,0,0,0,0,0,0,0,0,0,0,0,0,0,0,0,0,0,0,0,0,0,0,0,0,0,0,0,0,0,0,0,0,0,0,0,0,0,0,0,0,0,0,0,0,0,0,0,0,0,0,0,0,0,0,0,0,0,0,0
20,100,0,3.80000,3.30000,20,100,0,3.80000,3.80000,0,133,3.80000,3.30000,0.00600,4,3.85000,3.35000,0.00600,4,3.85000,3.75000,0.00600,4,3.80000,3.80000,0.00600,4,0,0,0,0,0,0,0,0,0,0,0,0,0,0,0,0,0,0,0,0,0,0,0,0,0,0,0,0,0,0,0,0,0,0,0,0,0,0,0,0,0,0,0,0,0,0,0,0,0,0,0,0,0,0,0,0,0,0,0,0,0,0,0,0,0,0,0,0,0,0,0,0,0,0,0,0,0,0,0,0,0,0,0,0,0,0,0,0,0,0,0,0,0,0,0,0,0,0,0,0,0,0,0,0,0,0,0,0,0,0,0,0,0,0,0,0,0,0,0,0,0,0,0,0,0,0,0,0,0,0,0,0,0,0,0,0,0,0,0,0,0,0,0,0,0,0,0,0,0,0,0,0,0,0,0,0,0,0,0,0,0,0,0,0,0,0,0,0,0,0,0,0,0,0,0,0,0,0,0,0,0,0,0,0,0,0,0,0,0,0,0
20,100,0,3.80000,3.50000,20,100,0,3.80000,4.00000,0,133,3.80000,3.50000,0.00600,2,3.85000,3.55000,0.00600,2,3.85000,3.95000,0.00600,2,3.80000,4.00000,0.00600,2,0,0,0,0,0,0,0,0,0,0,0,0,0,0,0,0,0,0,0,0,0,0,0,0,0,0,0,0,0,0,0,0,0,0,0,0,0,0,0,0,0,0,0,0,0,0,0,0,0,0,0,0,0,0,0,0,0,0,0,0,0,0,0,0,0,0,0,0,0,0,0,0,0,0,0,0,0,0,0,0,0,0,0,0,0,0,0,0,0,0,0,0,0,0,0,0,0,0,0,0,0,0,0,0,0,0,0,0,0,0,0,0,0,0,0,0,0,0,0,0,0,0,0,0,0,0,0,0,0,0,0,0,0,0,0,0,0,0,0,0,0,0,0,0,0,0,0,0,0,0,0,0,0,0,0,0,0,0,0,0,0,0,0,0,0,0,0,0,0,0,0,0,0,0,0,0,0,0,0,0,0,0,0,0,0,0,0,0,0,0,0
20,100,0,3.80000,3.50000,20,100,0,3.90000,2.70000,0,133,3.80000,3.50000,0.00600,2,3.85000,3.45000,0.00600,2,3.85000,3.07500,0.00600,2,3.92500,3.02500,0.00600,2,3.92500,2.80000,0.00600,2,3.92600,2.79900,0.00600,4,3.92600,2.72600,0.00600,4,3.92500,2.72500,0.00600,4,3.90000,2.70000,0.00600,1,0,0,0,0,0,0,0,0,0,0,0,0,0,0,0,0,0,0,0,0,0,0,0,0,0,0,0,0,0,0,0,0,0,0,0,0,0,0,0,0,0,0,0,0,0,0,0,0,0,0,0,0,0,0,0,0,0,0,0,0,0,0,0,0,0,0,0,0,0,0,0,0,0,0,0,0,0,0,0,0,0,0,0,0,0,0,0,0,0,0,0,0,0,0,0,0,0,0,0,0,0,0,0,0,0,0,0,0,0,0,0,0,0,0,0,0,0,0,0,0,0,0,0,0,0,0,0,0,0,0,0,0,0,0,0,0,0,0,0,0,0,0,0,0,0,0,0,0,0,0,0,0,0,0,0,0,0,0,0,0,0,0,0,0,0,0,0,0,0,0,0
20,100,0,3.90000,3.30000,20,100,0,3.90000,3.80000,0,133,3.90000,3.30000,0.00600,4,3.95000,3.35000,0.00600,4,3.95000,3.75000,0.00600,4,3.90000,3.80000,0.00600,4,0,0,0,0,0,0,0,0,0,0,0,0,0,0,0,0,0,0,0,0,0,0,0,0,0,0,0,0,0,0,0,0,0,0,0,0,0,0,0,0,0,0,0,0,0,0,0,0,0,0,0,0,0,0,0,0,0,0,0,0,0,0,0,0,0,0,0,0,0,0,0,0,0,0,0,0,0,0,0,0,0,0,0,0,0,0,0,0,0,0,0,0,0,0,0,0,0,0,0,0,0,0,0,0,0,0,0,0,0,0,0,0,0,0,0,0,0,0,0,0,0,0,0,0,0,0,0,0,0,0,0,0,0,0,0,0,0,0,0,0,0,0,0,0,0,0,0,0,0,0,0,0,0,0,0,0,0,0,0,0,0,0,0,0,0,0,0,0,0,0,0,0,0,0,0,0,0,0,0,0,0,0,0,0,0,0,0,0,0,0,0
20,100,0,3.90000,3.30000,20,100,0,3.95000,2.75000,0,133,3.90000,3.30000,0.00600,4,3.90000,3.20000,0.00600,4,4.00000,3.10000,0.00600,4,4.00000,2.80000,0.00600,4,3.95000,2.75000,0.00600,1,0,0,0,0,0,0,0,0,0,0,0,0,0,0,0,0,0,0,0,0,0,0,0,0,0,0,0,0,0,0,0,0,0,0,0,0,0,0,0,0,0,0,0,0,0,0,0,0,0,0,0,0,0,0,0,0,0,0,0,0,0,0,0,0,0,0,0,0,0,0,0,0,0,0,0,0,0,0,0,0,0,0,0,0,0,0,0,0,0,0,0,0,0,0,0,0,0,0,0,0,0,0,0,0,0,0,0,0,0,0,0,0,0,0,0,0,0,0,0,0,0,0,0,0,0,0,0,0,0,0,0,0,0,0,0,0,0,0,0,0,0,0,0,0,0,0,0,0,0,0,0,0,0,0,0,0,0,0,0,0,0,0,0,0,0,0,0,0,0,0,0,0,0,0,0,0,0,0,0,0,0,0,0,0,0,0,0
20,100,0,3.90000,3.50000,20,100,0,3.90000,4.00000,0,133,3.90000,3.50000,0.00600,2,3.95000,3.55000,0.00600,2,3.95000,3.95000,0.00600,2,3.90000,4.00000,0.00600,2,0,0,0,0,0,0,0,0,0,0,0,0,0,0,0,0,0,0,0,0,0,0,0,0,0,0,0,0,0,0,0,0,0,0,0,0,0,0,0,0,0,0,0,0,0,0,0,0,0,0,0,0,0,0,0,0,0,0,0,0,0,0,0,0,0,0,0,0,0,0,0,0,0,0,0,0,0,0,0,0,0,0,0,0,0,0,0,0,0,0,0,0,0,0,0,0,0,0,0,0,0,0,0,0,0,0,0,0,0,0,0,0,0,0,0,0,0,0,0,0,0,0,0,0,0,0,0,0,0,0,0,0,0,0,0,0,0,0,0,0,0,0,0,0,0,0,0,0,0,0,0,0,0,0,0,0,0,0,0,0,0,0,0,0,0,0,0,0,0,0,0,0,0,0,0,0,0,0,0,0,0,0,0,0,0,0,0,0,0,0,0
20,100,0,3.90000,3.50000,20,100,0,3.95000,2.70000,0,133,3.90000,3.50000,0.00600,2,3.95000,3.45000,0.00600,2,3.95000,3.20000,0.00600,2,4.07500,3.07500,0.00600,2,4.07500,2.77500,0.00600,2,4.02500,2.72500,0.00600,2,3.97600,2.72500,0.00600,2,3.95000,2.70000,0.00600,1,0,0,0,0,0,0,0,0,0,0,0,0,0,0,0,0,0,0,0,0,0,0,0,0,0,0,0,0,0,0,0,0,0,0,0,0,0,0,0,0,0,0,0,0,0,0,0,0,0,0,0,0,0,0,0,0,0,0,0,0,0,0,0,0,0,0,0,0,0,0,0,0,0,0,0,0,0,0,0,0,0,0,0,0,0,0,0,0,0,0,0,0,0,0,0,0,0,0,0,0,0,0,0,0,0,0,0,0,0,0,0,0,0,0,0,0,0,0,0,0,0,0,0,0,0,0,0,0,0,0,0,0,0,0,0,0,0,0,0,0,0,0,0,0,0,0,0,0,0,0,0,0,0,0,0,0,0,0,0,0,0,0,0,0,0,0,0,0,0,0,0,0,0,0,0
20,100,0,3.10000,3.50000,20,100,0,3.10000,4.00000,0,133,3.10000,3.50000,0.00600,2,3.15000,3.55000,0.00600,2,3.15000,3.95000,0.00600,2,3.10000,4.00000,0.00600,2,0,0,0,0,0,0,0,0,0,0,0,0,0,0,0,0,0,0,0,0,0,0,0,0,0,0,0,0,0,0,0,0,0,0,0,0,0,0,0,0,0,0,0,0,0,0,0,0,0,0,0,0,0,0,0,0,0,0,0,0,0,0,0,0,0,0,0,0,0,0,0,0,0,0,0,0,0,0,0,0,0,0,0,0,0,0,0,0,0,0,0,0,0,0,0,0,0,0,0,0,0,0,0,0,0,0,0,0,0,0,0,0,0,0,0,0,0,0,0,0,0,0,0,0,0,0,0,0,0,0,0,0,0,0,0,0,0,0,0,0,0,0,0,0,0,0,0,0,0,0,0,0,0,0,0,0,0,0,0,0,0,0,0,0,0,0,0,0,0,0,0,0,0,0,0,0,0,0,0,0,0,0,0,0,0,0,0,0,0,0,0
20,100,0,4.10000,3.80000,20,100,0,4.10000,3.30000,0,133,4.10000,3.80000,0.00600,4,4.15000,3.75000,0.00600,4,4.15000,3.35000,0.00600,4,4.10000,3.30000,0.00600,4,0,0,0,0,0,0,0,0,0,0,0,0,0,0,0,0,0,0,0,0,0,0,0,0,0,0,0,0,0,0,0,0,0,0,0,0,0,0,0,0,0,0,0,0,0,0,0,0,0,0,0,0,0,0,0,0,0,0,0,0,0,0,0,0,0,0,0,0,0,0,0,0,0,0,0,0,0,0,0,0,0,0,0,0,0,0,0,0,0,0,0,0,0,0,0,0,0,0,0,0,0,0,0,0,0,0,0,0,0,0,0,0,0,0,0,0,0,0,0,0,0,0,0,0,0,0,0,0,0,0,0,0,0,0,0,0,0,0,0,0,0,0,0,0,0,0,0,0,0,0,0,0,0,0,0,0,0,0,0,0,0,0,0,0,0,0,0,0,0,0,0,0,0,0,0,0,0,0,0,0,0,0,0,0,0,0,0,0,0,0,0
20,100,0,4.10000,3.80000,20,100,0,4.05000,2.55000,0,133,4.10000,3.80000,0.00600,4,4.15000,3.75000,0.00600,4,4.15000,3.35000,0.00600,4,4.10000,3.30000,0.00600,4,4.15000,3.22500,0.00600,4,4.15000,2.55000,0.00600,4,4.10000,2.55000,0.00600,4,4.05000,2.55000,0.00600,1,0,0,0,0,0,0,0,0,0,0,0,0,0,0,0,0,0,0,0,0,0,0,0,0,0,0,0,0,0,0,0,0,0,0,0,0,0,0,0,0,0,0,0,0,0,0,0,0,0,0,0,0,0,0,0,0,0,0,0,0,0,0,0,0,0,0,0,0,0,0,0,0,0,0,0,0,0,0,0,0,0,0,0,0,0,0,0,0,0,0,0,0,0,0,0,0,0,0,0,0,0,0,0,0,0,0,0,0,0,0,0,0,0,0,0,0,0,0,0,0,0,0,0,0,0,0,0,0,0,0,0,0,0,0,0,0,0,0,0,0,0,0,0,0,0,0,0,0,0,0,0,0,0,0,0,0,0,0,0,0,0,0,0,0,0,0,0,0,0,0,0,0,0,0,0
20,100,0,4.10000,3.30000,20,100,0,4.05000,2.55000,0,133,4.10000,3.30000,0.00600,4,4.15000,3.22500,0.00600,4,4.15000,2.55000,0.00600,4,4.10000,2.55000,0.00600,4,4.05000,2.55000,0.00600,1,0,0,0,0,0,0,0,0,0,0,0,0,0,0,0,0,0,0,0,0,0,0,0,0,0,0,0,0,0,0,0,0,0,0,0,0,0,0,0,0,0,0,0,0,0,0,0,0,0,0,0,0,0,0,0,0,0,0,0,0,0,0,0,0,0,0,0,0,0,0,0,0,0,0,0,0,0,0,0,0,0,0,0,0,0,0,0,0,0,0,0,0,0,0,0,0,0,0,0,0,0,0,0,0,0,0,0,0,0,0,0,0,0,0,0,0,0,0,0,0,0,0,0,0,0,0,0,0,0,0,0,0,0,0,0,0,0,0,0,0,0,0,0,0,0,0,0,0,0,0,0,0,0,0,0,0,0,0,0,0,0,0,0,0,0,0,0,0,0,0,0,0,0,0,0,0,0,0,0,0,0,0,0,0,0,0,0
20,100,0,4.10000,3.50000,20,100,0,4.05000,2.45000,0,133,4.10000,3.50000,0.00600,2,4.15000,3.45000,0.00600,2,4.15000,2.45000,0.00600,2,4.05000,2.45000,0.00600,1,0,0,0,0,0,0,0,0,0,0,0,0,0,0,0,0,0,0,0,0,0,0,0,0,0,0,0,0,0,0,0,0,0,0,0,0,0,0,0,0,0,0,0,0,0,0,0,0,0,0,0,0,0,0,0,0,0,0,0,0,0,0,0,0,0,0,0,0,0,0,0,0,0,0,0,0,0,0,0,0,0,0,0,0,0,0,0,0,0,0,0,0,0,0,0,0,0,0,0,0,0,0,0,0,0,0,0,0,0,0,0,0,0,0,0,0,0,0,0,0,0,0,0,0,0,0,0,0,0,0,0,0,0,0,0,0,0,0,0,0,0,0,0,0,0,0,0,0,0,0,0,0,0,0,0,0,0,0,0,0,0,0,0,0,0,0,0,0,0,0,0,0,0,0,0,0,0,0,0,0,0,0,0,0,0,0,0,0,0,0,0
20,100,0,4.10000,3.50000,20,100,0,4.10000,4.00000,0,133,4.10000,3.50000,0.00600,2,4.15000,3.55000,0.00600,2,4.15000,3.95000,0.00600,2,4.10000,4.00000,0.00600,2,0,0,0,0,0,0,0,0,0,0,0,0,0,0,0,0,0,0,0,0,0,0,0,0,0,0,0,0,0,0,0,0,0,0,0,0,0,0,0,0,0,0,0,0,0,0,0,0,0,0,0,0,0,0,0,0,0,0,0,0,0,0,0,0,0,0,0,0,0,0,0,0,0,0,0,0,0,0,0,0,0,0,0,0,0,0,0,0,0,0,0,0,0,0,0,0,0,0,0,0,0,0,0,0,0,0,0,0,0,0,0,0,0,0,0,0,0,0,0,0,0,0,0,0,0,0,0,0,0,0,0,0,0,0,0,0,0,0,0,0,0,0,0,0,0,0,0,0,0,0,0,0,0,0,0,0,0,0,0,0,0,0,0,0,0,0,0,0,0,0,0,0,0,0,0,0,0,0,0,0,0,0,0,0,0,0,0,0,0,0,0
20,100,0,4.20000,3.30000,20,100,0,4.20000,3.80000,0,133,4.20000,3.30000,0.00600,4,4.25000,3.35000,0.00600,4,4.25000,3.75000,0.00600,4,4.20000,3.80000,0.00600,4,0,0,0,0,0,0,0,0,0,0,0,0,0,0,0,0,0,0,0,0,0,0,0,0,0,0,0,0,0,0,0,0,0,0,0,0,0,0,0,0,0,0,0,0,0,0,0,0,0,0,0,0,0,0,0,0,0,0,0,0,0,0,0,0,0,0,0,0,0,0,0,0,0,0,0,0,0,0,0,0,0,0,0,0,0,0,0,0,0,0,0,0,0,0,0,0,0,0,0,0,0,0,0,0,0,0,0,0,0,0,0,0,0,0,0,0,0,0,0,0,0,0,0,0,0,0,0,0,0,0,0,0,0,0,0,0,0,0,0,0,0,0,0,0,0,0,0,0,0,0,0,0,0,0,0,0,0,0,0,0,0,0,0,0,0,0,0,0,0,0,0,0,0,0,0,0,0,0,0,0,0,0,0,0,0,0,0,0,0,0,0
20,100,0,4.20000,3.30000,20,100,0,4.05000,2.40000,0,133,4.20000,3.30000,0.00600,4,4.20000,2.41050,0.00600,4,4.18950,2.40000,0.00600,4,4.10000,2.40000,0.00600,4,4.05000,2.40000,0.00600,1,0,0,0,0,0,0,0,0,0,0,0,0,0,0,0,0,0,0,0,0,0,0,0,0,0,0,0,0,0,0,0,0,0,0,0,0,0,0,0,0,0,0,0,0,0,0,0,0,0,0,0,0,0,0,0,0,0,0,0,0,0,0,0,0,0,0,0,0,0,0,0,0,0,0,0,0,0,0,0,0,0,0,0,0,0,0,0,0,0,0,0,0,0,0,0,0,0,0,0,0,0,0,0,0,0,0,0,0,0,0,0,0,0,0,0,0,0,0,0,0,0,0,0,0,0,0,0,0,0,0,0,0,0,0,0,0,0,0,0,0,0,0,0,0,0,0,0,0,0,0,0,0,0,0,0,0,0,0,0,0,0,0,0,0,0,0,0,0,0,0,0,0,0,0,0,0,0,0,0,0,0,0,0,0,0,0,0
20,100,0,4.20000,3.50000,20,100,0,4.05000,2.35000,0,133,4.20000,3.50000,0.00600,2,4.25000,3.45000,0.00600,2,4.25000,2.36050,0.00600,2,4.23950,2.35000,0.00600,2,4.10000,2.35000,0.00600,2,4.05000,2.35000,0.00600,1,0,0,0,0,0,0,0,0,0,0,0,0,0,0,0,0,0,0,0,0,0,0,0,0,0,0,0,0,0,0,0,0,0,0,0,0,0,0,0,0,0,0,0,0,0,0,0,0,0,0,0,0,0,0,0,0,0,0,0,0,0,0,0,0,0,0,0,0,0,0,0,0,0,0,0,0,0,0,0,0,0,0,0,0,0,0,0,0,0,0,0,0,0,0,0,0,0,0,0,0,0,0,0,0,0,0,0,0,0,0,0,0,0,0,0,0,0,0,0,0,0,0,0,0,0,0,0,0,0,0,0,0,0,0,0,0,0,0,0,0,0,0,0,0,0,0,0,0,0,0,0,0,0,0,0,0,0,0,0,0,0,0,0,0,0,0,0,0,0,0,0,0,0,0,0,0,0,0,0,0,0,0,0
20,100,0,4.20000,3.50000,20,100,0,4.20000,4.00000,0,133,4.20000,3.50000,0.00600,2,4.25000,3.55000,0.00600,2,4.25000,3.95000,0.00600,2,4.20000,4.00000,0.00600,2,0,0,0,0,0,0,0,0,0,0,0,0,0,0,0,0,0,0,0,0,0,0,0,0,0,0,0,0,0,0,0,0,0,0,0,0,0,0,0,0,0,0,0,0,0,0,0,0,0,0,0,0,0,0,0,0,0,0,0,0,0,0,0,0,0,0,0,0,0,0,0,0,0,0,0,0,0,0,0,0,0,0,0,0,0,0,0,0,0,0,0,0,0,0,0,0,0,0,0,0,0,0,0,0,0,0,0,0,0,0,0,0,0,0,0,0,0,0,0,0,0,0,0,0,0,0,0,0,0,0,0,0,0,0,0,0,0,0,0,0,0,0,0,0,0,0,0,0,0,0,0,0,0,0,0,0,0,0,0,0,0,0,0,0,0,0,0,0,0,0,0,0,0,0,0,0,0,0,0,0,0,0,0,0,0,0,0,0,0,0,0
20,100,0,4.30000,3.50000,20,100,0,4.05000,2.25000,0,133,4.30000,3.50000,0.00600,2,4.35000,3.45000,0.00600,2,4.35000,2.26050,0.00600,2,4.33950,2.25000,0.00600,2,4.10000,2.25000,0.00600,2,4.05000,2.25000,0.00600,1,0,0,0,0,0,0,0,0,0,0,0,0,0,0,0,0,0,0,0,0,0,0,0,0,0,0,0,0,0,0,0,0,0,0,0,0,0,0,0,0,0,0,0,0,0,0,0,0,0,0,0,0,0,0,0,0,0,0,0,0,0,0,0,0,0,0,0,0,0,0,0,0,0,0,0,0,0,0,0,0,0,0,0,0,0,0,0,0,0,0,0,0,0,0,0,0,0,0,0,0,0,0,0,0,0,0,0,0,0,0,0,0,0,0,0,0,0,0,0,0,0,0,0,0,0,0,0,0,0,0,0,0,0,0,0,0,0,0,0,0,0,0,0,0,0,0,0,0,0,0,0,0,0,0,0,0,0,0,0,0,0,0,0,0,0,0,0,0,0,0,0,0,0,0,0,0,0,0,0,0,0,0,0
20,100,0,4.30000,3.50000,20,100,0,4.30000,4.00000,0,133,4.30000,3.50000,0.00600,2,4.35000,3.55000,0.00600,2,4.35000,3.95000,0.00600,2,4.30000,4.00000,0.00600,2,0,0,0,0,0,0,0,0,0,0,0,0,0,0,0,0,0,0,0,0,0,0,0,0,0,0,0,0,0,0,0,0,0,0,0,0,0,0,0,0,0,0,0,0,0,0,0,0,0,0,0,0,0,0,0,0,0,0,0,0,0,0,0,0,0,0,0,0,0,0,0,0,0,0,0,0,0,0,0,0,0,0,0,0,0,0,0,0,0,0,0,0,0,0,0,0,0,0,0,0,0,0,0,0,0,0,0,0,0,0,0,0,0,0,0,0,0,0,0,0,0,0,0,0,0,0,0,0,0,0,0,0,0,0,0,0,0,0,0,0,0,0,0,0,0,0,0,0,0,0,0,0,0,0,0,0,0,0,0,0,0,0,0,0,0,0,0,0,0,0,0,0,0,0,0,0,0,0,0,0,0,0,0,0,0,0,0,0,0,0,0
20,100,0,4.30000,3.80000,20,100,0,4.30000,3.30000,0,133,4.30000,3.80000,0.00600,4,4.35000,3.75000,0.00600,4,4.35000,3.35000,0.00600,4,4.30000,3.30000,0.00600,4,0,0,0,0,0,0,0,0,0,0,0,0,0,0,0,0,0,0,0,0,0,0,0,0,0,0,0,0,0,0,0,0,0,0,0,0,0,0,0,0,0,0,0,0,0,0,0,0,0,0,0,0,0,0,0,0,0,0,0,0,0,0,0,0,0,0,0,0,0,0,0,0,0,0,0,0,0,0,0,0,0,0,0,0,0,0,0,0,0,0,0,0,0,0,0,0,0,0,0,0,0,0,0,0,0,0,0,0,0,0,0,0,0,0,0,0,0,0,0,0,0,0,0,0,0,0,0,0,0,0,0,0,0,0,0,0,0,0,0,0,0,0,0,0,0,0,0,0,0,0,0,0,0,0,0,0,0,0,0,0,0,0,0,0,0,0,0,0,0,0,0,0,0,0,0,0,0,0,0,0,0,0,0,0,0,0,0,0,0,0,0
20,100,0,4.30000,3.80000,20,100,0,4.05000,2.20000,0,133,4.30000,3.80000,0.00600,4,4.35000,3.75000,0.00600,4,4.35000,3.35000,0.00600,4,4.30000,3.30000,0.00600,4,4.30000,2.21050,0.00600,4,4.28950,2.20000,0.00600,4,4.10000,2.20000,0.00600,4,4.05000,2.20000,0.00600,1,0,0,0,0,0,0,0,0,0,0,0,0,0,0,0,0,0,0,0,0,0,0,0,0,0,0,0,0,0,0,0,0,0,0,0,0,0,0,0,0,0,0,0,0,0,0,0,0,0,0,0,0,0,0,0,0,0,0,0,0,0,0,0,0,0,0,0,0,0,0,0,0,0,0,0,0,0,0,0,0,0,0,0,0,0,0,0,0,0,0,0,0,0,0,0,0,0,0,0,0,0,0,0,0,0,0,0,0,0,0,0,0,0,0,0,0,0,0,0,0,0,0,0,0,0,0,0,0,0,0,0,0,0,0,0,0,0,0,0,0,0,0,0,0,0,0,0,0,0,0,0,0,0,0,0,0,0,0,0,0,0,0,0,0,0,0,0,0,0,0,0,0,0,0,0
20,100,0,4.30000,3.30000,20,100,0,4.05000,2.20000,0,133,4.30000,3.30000,0.00600,4,4.30000,2.21050,0.00600,4,4.28950,2.20000,0.00600,4,4.10000,2.20000,0.00600,4,4.05000,2.20000,0.00600,1,0,0,0,0,0,0,0,0,0,0,0,0,0,0,0,0,0,0,0,0,0,0,0,0,0,0,0,0,0,0,0,0,0,0,0,0,0,0,0,0,0,0,0,0,0,0,0,0,0,0,0,0,0,0,0,0,0,0,0,0,0,0,0,0,0,0,0,0,0,0,0,0,0,0,0,0,0,0,0,0,0,0,0,0,0,0,0,0,0,0,0,0,0,0,0,0,0,0,0,0,0,0,0,0,0,0,0,0,0,0,0,0,0,0,0,0,0,0,0,0,0,0,0,0,0,0,0,0,0,0,0,0,0,0,0,0,0,0,0,0,0,0,0,0,0,0,0,0,0,0,0,0,0,0,0,0,0,0,0,0,0,0,0,0,0,0,0,0,0,0,0,0,0,0,0,0,0,0,0,0,0,0,0,0,0,0,0
20,100,0,4.40000,3.50000,20,100,0,4.40000,4.00000,0,133,4.40000,3.50000,0.00600,2,4.45000,3.55000,0.00600,2,4.45000,3.95000,0.00600,2,4.40000,4.00000,0.00600,2,0,0,0,0,0,0,0,0,0,0,0,0,0,0,0,0,0,0,0,0,0,0,0,0,0,0,0,0,0,0,0,0,0,0,0,0,0,0,0,0,0,0,0,0,0,0,0,0,0,0,0,0,0,0,0,0,0,0,0,0,0,0,0,0,0,0,0,0,0,0,0,0,0,0,0,0,0,0,0,0,0,0,0,0,0,0,0,0,0,0,0,0,0,0,0,0,0,0,0,0,0,0,0,0,0,0,0,0,0,0,0,0,0,0,0,0,0,0,0,0,0,0,0,0,0,0,0,0,0,0,0,0,0,0,0,0,0,0,0,0,0,0,0,0,0,0,0,0,0,0,0,0,0,0,0,0,0,0,0,0,0,0,0,0,0,0,0,0,0,0,0,0,0,0,0,0,0,0,0,0,0,0,0,0,0,0,0,0,0,0,0
20,100,0,4.40000,3.50000,20,100,0,4.05000,2.05000,0,133,4.40000,3.50000,0.00600,2,4.45000,3.45000,0.00600,2,4.45000,2.06050,0.00600,2,4.43950,2.05000,0.00600,2,4.10000,2.05000,0.00600,2,4.05000,2.05000,0.00600,1,0,0,0,0,0,0,0,0,0,0,0,0,0,0,0,0,0,0,0,0,0,0,0,0,0,0,0,0,0,0,0,0,0,0,0,0,0,0,0,0,0,0,0,0,0,0,0,0,0,0,0,0,0,0,0,0,0,0,0,0,0,0,0,0,0,0,0,0,0,0,0,0,0,0,0,0,0,0,0,0,0,0,0,0,0,0,0,0,0,0,0,0,0,0,0,0,0,0,0,0,0,0,0,0,0,0,0,0,0,0,0,0,0,0,0,0,0,0,0,0,0,0,0,0,0,0,0,0,0,0,0,0,0,0,0,0,0,0,0,0,0,0,0,0,0,0,0,0,0,0,0,0,0,0,0,0,0,0,0,0,0,0,0,0,0,0,0,0,0,0,0,0,0,0,0,0,0,0,0,0,0,0,0
20,100,0,4.40000,3.30000,20,100,0,4.05000,2.00000,0,133,4.40000,3.30000,0.00600,4,4.40000,2.01050,0.00600,4,4.38950,2.00000,0.00600,4,4.10000,2.00000,0.00600,4,4.05000,2.00000,0.00600,1,0,0,0,0,0,0,0,0,0,0,0,0,0,0,0,0,0,0,0,0,0,0,0,0,0,0,0,0,0,0,0,0,0,0,0,0,0,0,0,0,0,0,0,0,0,0,0,0,0,0,0,0,0,0,0,0,0,0,0,0,0,0,0,0,0,0,0,0,0,0,0,0,0,0,0,0,0,0,0,0,0,0,0,0,0,0,0,0,0,0,0,0,0,0,0,0,0,0,0,0,0,0,0,0,0,0,0,0,0,0,0,0,0,0,0,0,0,0,0,0,0,0,0,0,0,0,0,0,0,0,0,0,0,0,0,0,0,0,0,0,0,0,0,0,0,0,0,0,0,0,0,0,0,0,0,0,0,0,0,0,0,0,0,0,0,0,0,0,0,0,0,0,0,0,0,0,0,0,0,0,0,0,0,0,0,0,0
20,100,0,4.40000,3.30000,20,100,0,4.40000,3.80000,0,133,4.40000,3.30000,0.00600,4,4.45000,3.35000,0.00600,4,4.45000,3.75000,0.00600,4,4.40000,3.80000,0.00600,4,0,0,0,0,0,0,0,0,0,0,0,0,0,0,0,0,0,0,0,0,0,0,0,0,0,0,0,0,0,0,0,0,0,0,0,0,0,0,0,0,0,0,0,0,0,0,0,0,0,0,0,0,0,0,0,0,0,0,0,0,0,0,0,0,0,0,0,0,0,0,0,0,0,0,0,0,0,0,0,0,0,0,0,0,0,0,0,0,0,0,0,0,0,0,0,0,0,0,0,0,0,0,0,0,0,0,0,0,0,0,0,0,0,0,0,0,0,0,0,0,0,0,0,0,0,0,0,0,0,0,0,0,0,0,0,0,0,0,0,0,0,0,0,0,0,0,0,0,0,0,0,0,0,0,0,0,0,0,0,0,0,0,0,0,0,0,0,0,0,0,0,0,0,0,0,0,0,0,0,0,0,0,0,0,0,0,0,0,0,0,0
20,100,0,1.74650,1.51200,20,100,0,4.42000,0.62400,0,133,1.74650,1.51200,0.00600,8,1.77000,1.49000,0.00600,8,1.80300,1.45600,0.00600,8,1.80300,1.26950,0.00600,2,1.61600,1.26950,0.00600,2,1.61600,0.51100,0.00600,2,1.64300,0.51100,0.00600,2,2.78300,0.51100,0.00600,1,2.99900,0.29500,0.00600,1,3.03900,0.25700,0.00600,1,4.42000,0.25700,0.00600,1,4.42000,0.28500,0.00600,1,4.42000,0.54500,0.00600,2,4.42000,0.62400,0.00600,1,0,0,0,0,0,0,0,0,0,0,0,0,0,0,0,0,0,0,0,0,0,0,0,0,0,0,0,0,0,0,0,0,0,0,0,0,0,0,0,0,0,0,0,0,0,0,0,0,0,0,0,0,0,0,0,0,0,0,0,0,0,0,0,0,0,0,0,0,0,0,0,0,0,0,0,0,0,0,0,0,0,0,0,0,0,0,0,0,0,0,0,0,0,0,0,0,0,0,0,0,0,0,0,0,0,0,0,0,0,0,0,0,0,0,0,0,0,0,0,0,0,0,0,0,0,0,0,0,0,0,0,0,0,0,0,0,0,0,0,0,0,0,0,0,0,0,0,0,0,0,0
20,100,0,1.61150,1.51200,20,100,0,1.63600,1.39500,0,133,1.61150,1.51200,0.00600,8,1.63600,1.48850,0.00600,8,1.63600,1.44700,0.00600,8,1.63600,1.39500,0.00600,1,0,0,0,0,0,0,0,0,0,0,0,0,0,0,0,0,0,0,0,0,0,0,0,0,0,0,0,0,0,0,0,0,0,0,0,0,0,0,0,0,0,0,0,0,0,0,0,0,0,0,0,0,0,0,0,0,0,0,0,0,0,0,0,0,0,0,0,0,0,0,0,0,0,0,0,0,0,0,0,0,0,0,0,0,0,0,0,0,0,0,0,0,0,0,0,0,0,0,0,0,0,0,0,0,0,0,0,0,0,0,0,0,0,0,0,0,0,0,0,0,0,0,0,0,0,0,0,0,0,0,0,0,0,0,0,0,0,0,0,0,0,0,0,0,0,0,0,0,0,0,0,0,0,0,0,0,0,0,0,0,0,0,0,0,0,0,0,0,0,0,0,0,0,0,0,0,0,0,0,0,0,0,0,0,0,0,0,0,0,0,0
20,100,0,2.90000,0.06500,20,100,0,2.04560,1.39500,0,133,2.90000,0.06500,0.00600,1,2.90000,0.27900,0.00600,1,2.79400,0.38500,0.00600,1,2.04400,0.38500,0.00600,1,2.04400,1.31300,0.00600,2,2.04400,1.39340,0.00600,1,2.04560,1.39500,0.00600,1,0,0,0,0,0,0,0,0,0,0,0,0,0,0,0,0,0,0,0,0,0,0,0,0,0,0,0,0,0,0,0,0,0,0,0,0,0,0,0,0,0,0,0,0,0,0,0,0,0,0,0,0,0,0,0,0,0,0,0,0,0,0,0,0,0,0,0,0,0,0,0,0,0,0,0,0,0,0,0,0,0,0,0,0,0,0,0,0,0,0,0,0,0,0,0,0,0,0,0,0,0,0,0,0,0,0,0,0,0,0,0,0,0,0,0,0,0,0,0,0,0,0,0,0,0,0,0,0,0,0,0,0,0,0,0,0,0,0,0,0,0,0,0,0,0,0,0,0,0,0,0,0,0,0,0,0,0,0,0,0,0,0,0,0,0,0,0,0,0,0,0,0,0,0,0,0,0,0,0
20,100,0,0.35100,0.70400,20,100,0,1.10000,0.06500,0,133,0.35100,0.70400,0.00600,1,0.35100,0.61300,0.00600,1,0.94400,0.61300,0.00600,1,1.10000,0.45700,0.00600,1,1.10000,0.06500,0.00600,1,0,0,0,0,0,0,0,0,0,0,0,0,0,0,0,0,0,0,0,0,0,0,0,0,0,0,0,0,0,0,0,0,0,0,0,0,0,0,0,0,0,0,0,0,0,0,0,0,0,0,0,0,0,0,0,0,0,0,0,0,0,0,0,0,0,0,0,0,0,0,0,0,0,0,0,0,0,0,0,0,0,0,0,0,0,0,0,0,0,0,0,0,0,0,0,0,0,0,0,0,0,0,0,0,0,0,0,0,0,0,0,0,0,0,0,0,0,0,0,0,0,0,0,0,0,0,0,0,0,0,0,0,0,0,0,0,0,0,0,0,0,0,0,0,0,0,0,0,0,0,0,0,0,0,0,0,0,0,0,0,0,0,0,0,0,0,0,0,0,0,0,0,0,0,0,0,0,0,0,0,0,0,0,0,0,0,0
20,100,0,2.07120,1.39500,20,100,0,4.37000,1.06600,0,133,2.07120,1.39500,0.00600,1,2.07120,1.31450,0.00600,1,2.08170,1.30400,0.00600,1,4.23900,1.30200,0.00600,1,4.35950,1.30200,0.00600,1,4.37000,1.29150,0.00600,1,4.37000,1.06600,0.00600,1,0,0,0,0,0,0,0,0,0,0,0,0,0,0,0,0,0,0,0,0,0,0,0,0,0,0,0,0,0,0,0,0,0,0,0,0,0,0,0,0,0,0,0,0,0,0,0,0,0,0,0,0,0,0,0,0,0,0,0,0,0,0,0,0,0,0,0,0,0,0,0,0,0,0,0,0,0,0,0,0,0,0,0,0,0,0,0,0,0,0,0,0,0,0,0,0,0,0,0,0,0,0,0,0,0,0,0,0,0,0,0,0,0,0,0,0,0,0,0,0,0,0,0,0,0,0,0,0,0,0,0,0,0,0,0,0,0,0,0,0,0,0,0,0,0,0,0,0,0,0,0,0,0,0,0,0,0,0,0,0,0,0,0,0,0,0,0,0,0,0,0,0,0,0,0,0,0,0,0
20,100,0,2.50000,3.50000,20,100,0,2.50000,4.00000,0,133,2.50000,3.50000,0.00600,2,2.55000,3.55000,0.00600,2,2.55000,3.95000,0.00600,2,2.50000,4.00000,0.00600,2,0,0,0,0,0,0,0,0,0,0,0,0,0,0,0,0,0,0,0,0,0,0,0,0,0,0,0,0,0,0,0,0,0,0,0,0,0,0,0,0,0,0,0,0,0,0,0,0,0,0,0,0,0,0,0,0,0,0,0,0,0,0,0,0,0,0,0,0,0,0,0,0,0,0,0,0,0,0,0,0,0,0,0,0,0,0,0,0,0,0,0,0,0,0,0,0,0,0,0,0,0,0,0,0,0,0,0,0,0,0,0,0,0,0,0,0,0,0,0,0,0,0,0,0,0,0,0,0,0,0,0,0,0,0,0,0,0,0,0,0,0,0,0,0,0,0,0,0,0,0,0,0,0,0,0,0,0,0,0,0,0,0,0,0,0,0,0,0,0,0,0,0,0,0,0,0,0,0,0,0,0,0,0,0,0,0,0,0,0,0,0
20,100,0,2.60000,3.50000,20,100,0,2.60000,4.00000,0,133,2.60000,3.50000,0.00600,2,2.65000,3.55000,0.00600,2,2.65000,3.95000,0.00600,2,2.60000,4.00000,0.00600,2,0,0,0,0,0,0,0,0,0,0,0,0,0,0,0,0,0,0,0,0,0,0,0,0,0,0,0,0,0,0,0,0,0,0,0,0,0,0,0,0,0,0,0,0,0,0,0,0,0,0,0,0,0,0,0,0,0,0,0,0,0,0,0,0,0,0,0,0,0,0,0,0,0,0,0,0,0,0,0,0,0,0,0,0,0,0,0,0,0,0,0,0,0,0,0,0,0,0,0,0,0,0,0,0,0,0,0,0,0,0,0,0,0,0,0,0,0,0,0,0,0,0,0,0,0,0,0,0,0,0,0,0,0,0,0,0,0,0,0,0,0,0,0,0,0,0,0,0,0,0,0,0,0,0,0,0,0,0,0,0,0,0,0,0,0,0,0,0,0,0,0,0,0,0,0,0,0,0,0,0,0,0,0,0,0,0,0,0,0,0,0
20,100,0,2.70000,3.50000,20,100,0,2.70000,4.00000,0,133,2.70000,3.50000,0.00600,2,2.75000,3.55000,0.00600,2,2.75000,3.95000,0.00600,2,2.70000,4.00000,0.00600,2,0,0,0,0,0,0,0,0,0,0,0,0,0,0,0,0,0,0,0,0,0,0,0,0,0,0,0,0,0,0,0,0,0,0,0,0,0,0,0,0,0,0,0,0,0,0,0,0,0,0,0,0,0,0,0,0,0,0,0,0,0,0,0,0,0,0,0,0,0,0,0,0,0,0,0,0,0,0,0,0,0,0,0,0,0,0,0,0,0,0,0,0,0,0,0,0,0,0,0,0,0,0,0,0,0,0,0,0,0,0,0,0,0,0,0,0,0,0,0,0,0,0,0,0,0,0,0,0,0,0,0,0,0,0,0,0,0,0,0,0,0,0,0,0,0,0,0,0,0,0,0,0,0,0,0,0,0,0,0,0,0,0,0,0,0,0,0,0,0,0,0,0,0,0,0,0,0,0,0,0,0,0,0,0,0,0,0,0,0,0,0
20,100,0,2.80000,3.50000,20,100,0,2.80000,4.00000,0,133,2.80000,3.50000,0.00600,2,2.85000,3.55000,0.00600,2,2.85000,3.95000,0.00600,2,2.80000,4.00000,0.00600,2,0,0,0,0,0,0,0,0,0,0,0,0,0,0,0,0,0,0,0,0,0,0,0,0,0,0,0,0,0,0,0,0,0,0,0,0,0,0,0,0,0,0,0,0,0,0,0,0,0,0,0,0,0,0,0,0,0,0,0,0,0,0,0,0,0,0,0,0,0,0,0,0,0,0,0,0,0,0,0,0,0,0,0,0,0,0,0,0,0,0,0,0,0,0,0,0,0,0,0,0,0,0,0,0,0,0,0,0,0,0,0,0,0,0,0,0,0,0,0,0,0,0,0,0,0,0,0,0,0,0,0,0,0,0,0,0,0,0,0,0,0,0,0,0,0,0,0,0,0,0,0,0,0,0,0,0,0,0,0,0,0,0,0,0,0,0,0,0,0,0,0,0,0,0,0,0,0,0,0,0,0,0,0,0,0,0,0,0,0,0,0
20,100,0,2.90000,3.50000,20,100,0,2.90000,4.00000,0,133,2.90000,3.50000,0.00600,2,2.95000,3.55000,0.00600,2,2.95000,3.95000,0.00600,2,2.90000,4.00000,0.00600,2,0,0,0,0,0,0,0,0,0,0,0,0,0,0,0,0,0,0,0,0,0,0,0,0,0,0,0,0,0,0,0,0,0,0,0,0,0,0,0,0,0,0,0,0,0,0,0,0,0,0,0,0,0,0,0,0,0,0,0,0,0,0,0,0,0,0,0,0,0,0,0,0,0,0,0,0,0,0,0,0,0,0,0,0,0,0,0,0,0,0,0,0,0,0,0,0,0,0,0,0,0,0,0,0,0,0,0,0,0,0,0,0,0,0,0,0,0,0,0,0,0,0,0,0,0,0,0,0,0,0,0,0,0,0,0,0,0,0,0,0,0,0,0,0,0,0,0,0,0,0,0,0,0,0,0,0,0,0,0,0,0,0,0,0,0,0,0,0,0,0,0,0,0,0,0,0,0,0,0,0,0,0,0,0,0,0,0,0,0,0,0
20,100,0,3.20000,3.50000,20,100,0,3.20000,4.00000,0,133,3.20000,3.50000,0.00600,2,3.25000,3.55000,0.00600,2,3.25000,3.95000,0.00600,2,3.20000,4.00000,0.00600,2,0,0,0,0,0,0,0,0,0,0,0,0,0,0,0,0,0,0,0,0,0,0,0,0,0,0,0,0,0,0,0,0,0,0,0,0,0,0,0,0,0,0,0,0,0,0,0,0,0,0,0,0,0,0,0,0,0,0,0,0,0,0,0,0,0,0,0,0,0,0,0,0,0,0,0,0,0,0,0,0,0,0,0,0,0,0,0,0,0,0,0,0,0,0,0,0,0,0,0,0,0,0,0,0,0,0,0,0,0,0,0,0,0,0,0,0,0,0,0,0,0,0,0,0,0,0,0,0,0,0,0,0,0,0,0,0,0,0,0,0,0,0,0,0,0,0,0,0,0,0,0,0,0,0,0,0,0,0,0,0,0,0,0,0,0,0,0,0,0,0,0,0,0,0,0,0,0,0,0,0,0,0,0,0,0,0,0,0,0,0,0
20,100,0,3.40000,3.50000,20,100,0,3.40000,4.00000,0,133,3.40000,3.50000,0.00600,2,3.45000,3.55000,0.00600,2,3.45000,3.95000,0.00600,2,3.40000,4.00000,0.00600,2,0,0,0,0,0,0,0,0,0,0,0,0,0,0,0,0,0,0,0,0,0,0,0,0,0,0,0,0,0,0,0,0,0,0,0,0,0,0,0,0,0,0,0,0,0,0,0,0,0,0,0,0,0,0,0,0,0,0,0,0,0,0,0,0,0,0,0,0,0,0,0,0,0,0,0,0,0,0,0,0,0,0,0,0,0,0,0,0,0,0,0,0,0,0,0,0,0,0,0,0,0,0,0,0,0,0,0,0,0,0,0,0,0,0,0,0,0,0,0,0,0,0,0,0,0,0,0,0,0,0,0,0,0,0,0,0,0,0,0,0,0,0,0,0,0,0,0,0,0,0,0,0,0,0,0,0,0,0,0,0,0,0,0,0,0,0,0,0,0,0,0,0,0,0,0,0,0,0,0,0,0,0,0,0,0,0,0,0,0,0,0
20,100,0,3.10000,3.30000,20,100,0,3.10000,3.80000,0,133,3.10000,3.30000,0.00600,7,3.15000,3.35000,0.00600,7,3.15000,3.75000,0.00600,7,3.10000,3.80000,0.00600,7,0,0,0,0,0,0,0,0,0,0,0,0,0,0,0,0,0,0,0,0,0,0,0,0,0,0,0,0,0,0,0,0,0,0,0,0,0,0,0,0,0,0,0,0,0,0,0,0,0,0,0,0,0,0,0,0,0,0,0,0,0,0,0,0,0,0,0,0,0,0,0,0,0,0,0,0,0,0,0,0,0,0,0,0,0,0,0,0,0,0,0,0,0,0,0,0,0,0,0,0,0,0,0,0,0,0,0,0,0,0,0,0,0,0,0,0,0,0,0,0,0,0,0,0,0,0,0,0,0,0,0,0,0,0,0,0,0,0,0,0,0,0,0,0,0,0,0,0,0,0,0,0,0,0,0,0,0,0,0,0,0,0,0,0,0,0,0,0,0,0,0,0,0,0,0,0,0,0,0,0,0,0,0,0,0,0,0,0,0,0,0
20,100,0,2.60000,3.30000,20,100,0,2.60000,3.80000,0,133,2.60000,3.30000,0.00600,7,2.65000,3.35000,0.00600,7,2.65000,3.75000,0.00600,7,2.60000,3.80000,0.00600,7,0,0,0,0,0,0,0,0,0,0,0,0,0,0,0,0,0,0,0,0,0,0,0,0,0,0,0,0,0,0,0,0,0,0,0,0,0,0,0,0,0,0,0,0,0,0,0,0,0,0,0,0,0,0,0,0,0,0,0,0,0,0,0,0,0,0,0,0,0,0,0,0,0,0,0,0,0,0,0,0,0,0,0,0,0,0,0,0,0,0,0,0,0,0,0,0,0,0,0,0,0,0,0,0,0,0,0,0,0,0,0,0,0,0,0,0,0,0,0,0,0,0,0,0,0,0,0,0,0,0,0,0,0,0,0,0,0,0,0,0,0,0,0,0,0,0,0,0,0,0,0,0,0,0,0,0,0,0,0,0,0,0,0,0,0,0,0,0,0,0,0,0,0,0,0,0,0,0,0,0,0,0,0,0,0,0,0,0,0,0,0
20,100,0,2.70000,3.30000,20,100,0,2.70000,3.80000,0,133,2.70000,3.30000,0.00600,7,2.75000,3.35000,0.00600,7,2.75000,3.75000,0.00600,7,2.70000,3.80000,0.00600,7,0,0,0,0,0,0,0,0,0,0,0,0,0,0,0,0,0,0,0,0,0,0,0,0,0,0,0,0,0,0,0,0,0,0,0,0,0,0,0,0,0,0,0,0,0,0,0,0,0,0,0,0,0,0,0,0,0,0,0,0,0,0,0,0,0,0,0,0,0,0,0,0,0,0,0,0,0,0,0,0,0,0,0,0,0,0,0,0,0,0,0,0,0,0,0,0,0,0,0,0,0,0,0,0,0,0,0,0,0,0,0,0,0,0,0,0,0,0,0,0,0,0,0,0,0,0,0,0,0,0,0,0,0,0,0,0,0,0,0,0,0,0,0,0,0,0,0,0,0,0,0,0,0,0,0,0,0,0,0,0,0,0,0,0,0,0,0,0,0,0,0,0,0,0,0,0,0,0,0,0,0,0,0,0,0,0,0,0,0,0,0
20,100,0,2.80000,3.30000,20,100,0,2.80000,3.80000,0,133,2.80000,3.30000,0.00600,7,2.85000,3.35000,0.00600,7,2.85000,3.75000,0.00600,7,2.80000,3.80000,0.00600,7,0,0,0,0,0,0,0,0,0,0,0,0,0,0,0,0,0,0,0,0,0,0,0,0,0,0,0,0,0,0,0,0,0,0,0,0,0,0,0,0,0,0,0,0,0,0,0,0,0,0,0,0,0,0,0,0,0,0,0,0,0,0,0,0,0,0,0,0,0,0,0,0,0,0,0,0,0,0,0,0,0,0,0,0,0,0,0,0,0,0,0,0,0,0,0,0,0,0,0,0,0,0,0,0,0,0,0,0,0,0,0,0,0,0,0,0,0,0,0,0,0,0,0,0,0,0,0,0,0,0,0,0,0,0,0,0,0,0,0,0,0,0,0,0,0,0,0,0,0,0,0,0,0,0,0,0,0,0,0,0,0,0,0,0,0,0,0,0,0,0,0,0,0,0,0,0,0,0,0,0,0,0,0,0,0,0,0,0,0,0,0
20,100,0,3.20000,3.80000,20,100,0,3.20000,3.30000,0,133,3.20000,3.80000,0.00600,4,3.25000,3.75000,0.00600,4,3.25000,3.35000,0.00600,4,3.20000,3.30000,0.00600,4,0,0,0,0,0,0,0,0,0,0,0,0,0,0,0,0,0,0,0,0,0,0,0,0,0,0,0,0,0,0,0,0,0,0,0,0,0,0,0,0,0,0,0,0,0,0,0,0,0,0,0,0,0,0,0,0,0,0,0,0,0,0,0,0,0,0,0,0,0,0,0,0,0,0,0,0,0,0,0,0,0,0,0,0,0,0,0,0,0,0,0,0,0,0,0,0,0,0,0,0,0,0,0,0,0,0,0,0,0,0,0,0,0,0,0,0,0,0,0,0,0,0,0,0,0,0,0,0,0,0,0,0,0,0,0,0,0,0,0,0,0,0,0,0,0,0,0,0,0,0,0,0,0,0,0,0,0,0,0,0,0,0,0,0,0,0,0,0,0,0,0,0,0,0,0,0,0,0,0,0,0,0,0,0,0,0,0,0,0,0,0
20,100,0,2.90000,3.30000,20,100,0,2.90000,3.80000,0,133,2.90000,3.30000,0.00600,7,2.95000,3.35000,0.00600,7,2.95000,3.75000,0.00600,7,2.90000,3.80000,0.00600,7,0,0,0,0,0,0,0,0,0,0,0,0,0,0,0,0,0,0,0,0,0,0,0,0,0,0,0,0,0,0,0,0,0,0,0,0,0,0,0,0,0,0,0,0,0,0,0,0,0,0,0,0,0,0,0,0,0,0,0,0,0,0,0,0,0,0,0,0,0,0,0,0,0,0,0,0,0,0,0,0,0,0,0,0,0,0,0,0,0,0,0,0,0,0,0,0,0,0,0,0,0,0,0,0,0,0,0,0,0,0,0,0,0,0,0,0,0,0,0,0,0,0,0,0,0,0,0,0,0,0,0,0,0,0,0,0,0,0,0,0,0,0,0,0,0,0,0,0,0,0,0,0,0,0,0,0,0,0,0,0,0,0,0,0,0,0,0,0,0,0,0,0,0,0,0,0,0,0,0,0,0,0,0,0,0,0,0,0,0,0,0
20,100,0,3.00000,3.50000,20,100,0,3.00000,4.00000,0,133,3.00000,3.50000,0.00600,2,3.05000,3.55000,0.00600,2,3.05000,3.95000,0.00600,2,3.00000,4.00000,0.00600,2,0,0,0,0,0,0,0,0,0,0,0,0,0,0,0,0,0,0,0,0,0,0,0,0,0,0,0,0,0,0,0,0,0,0,0,0,0,0,0,0,0,0,0,0,0,0,0,0,0,0,0,0,0,0,0,0,0,0,0,0,0,0,0,0,0,0,0,0,0,0,0,0,0,0,0,0,0,0,0,0,0,0,0,0,0,0,0,0,0,0,0,0,0,0,0,0,0,0,0,0,0,0,0,0,0,0,0,0,0,0,0,0,0,0,0,0,0,0,0,0,0,0,0,0,0,0,0,0,0,0,0,0,0,0,0,0,0,0,0,0,0,0,0,0,0,0,0,0,0,0,0,0,0,0,0,0,0,0,0,0,0,0,0,0,0,0,0,0,0,0,0,0,0,0,0,0,0,0,0,0,0,0,0,0,0,0,0,0,0,0,0
20,100,0,3.30000,3.50000,20,100,0,3.30000,4.00000,0,133,3.30000,3.50000,0.00600,2,3.35000,3.55000,0.00600,2,3.35000,3.95000,0.00600,2,3.30000,4.00000,0.00600,2,0,0,0,0,0,0,0,0,0,0,0,0,0,0,0,0,0,0,0,0,0,0,0,0,0,0,0,0,0,0,0,0,0,0,0,0,0,0,0,0,0,0,0,0,0,0,0,0,0,0,0,0,0,0,0,0,0,0,0,0,0,0,0,0,0,0,0,0,0,0,0,0,0,0,0,0,0,0,0,0,0,0,0,0,0,0,0,0,0,0,0,0,0,0,0,0,0,0,0,0,0,0,0,0,0,0,0,0,0,0,0,0,0,0,0,0,0,0,0,0,0,0,0,0,0,0,0,0,0,0,0,0,0,0,0,0,0,0,0,0,0,0,0,0,0,0,0,0,0,0,0,0,0,0,0,0,0,0,0,0,0,0,0,0,0,0,0,0,0,0,0,0,0,0,0,0,0,0,0,0,0,0,0,0,0,0,0,0,0,0,0
20,100,0,3.40000,3.80000,20,100,0,3.60000,2.75000,0,133,3.40000,3.80000,0.00600,4,3.45000,3.75000,0.00600,4,3.45000,3.15000,0.00600,4,3.60000,3.00000,0.00600,4,3.60000,2.85000,0.00600,4,3.60000,2.75000,0.00600,1,0,0,0,0,0,0,0,0,0,0,0,0,0,0,0,0,0,0,0,0,0,0,0,0,0,0,0,0,0,0,0,0,0,0,0,0,0,0,0,0,0,0,0,0,0,0,0,0,0,0,0,0,0,0,0,0,0,0,0,0,0,0,0,0,0,0,0,0,0,0,0,0,0,0,0,0,0,0,0,0,0,0,0,0,0,0,0,0,0,0,0,0,0,0,0,0,0,0,0,0,0,0,0,0,0,0,0,0,0,0,0,0,0,0,0,0,0,0,0,0,0,0,0,0,0,0,0,0,0,0,0,0,0,0,0,0,0,0,0,0,0,0,0,0,0,0,0,0,0,0,0,0,0,0,0,0,0,0,0,0,0,0,0,0,0,0,0,0,0,0,0,0,0,0,0,0,0,0,0,0,0,0,0
20,100,0,3.40000,3.30000,20,100,0,3.55000,2.75000,0,133,3.40000,3.30000,0.00600,4,3.40000,3.15000,0.00600,4,3.55000,3.00000,0.00600,4,3.55000,2.85000,0.00600,4,3.55000,2.75000,0.00600,1,0,0,0,0,0,0,0,0,0,0,0,0,0,0,0,0,0,0,0,0,0,0,0,0,0,0,0,0,0,0,0,0,0,0,0,0,0,0,0,0,0,0,0,0,0,0,0,0,0,0,0,0,0,0,0,0,0,0,0,0,0,0,0,0,0,0,0,0,0,0,0,0,0,0,0,0,0,0,0,0,0,0,0,0,0,0,0,0,0,0,0,0,0,0,0,0,0,0,0,0,0,0,0,0,0,0,0,0,0,0,0,0,0,0,0,0,0,0,0,0,0,0,0,0,0,0,0,0,0,0,0,0,0,0,0,0,0,0,0,0,0,0,0,0,0,0,0,0,0,0,0,0,0,0,0,0,0,0,0,0,0,0,0,0,0,0,0,0,0,0,0,0,0,0,0,0,0,0,0,0,0,0,0,0,0,0,0
