20,100,0,4.833748,5.249008,20,100,0,8.17726,5.394575,0,133,4.833748,5.249008,0.01,1,4.849496,5.23326,0.01,1,4.861236,5.245,0.004,3,6.258946,5.245,0.004,3,6.340946,5.163,0.004,3,8.162574,5.163,0.004,3,8.30526,5.305686,0.004,3,8.30526,5.421,0.004,3,8.28526,5.441,0.004,3,8.223685,5.441,0.004,3,8.17726,5.394575,0.004,3,0,0,0,0,0,0,0,0,0,0,0,0,0,0,0,0,0,0,0,0,0,0,0,0,0,0,0,0,0,0,0,0,0,0,0,0,0,0,0,0,0,0,0,0,0,0,0,0,0,0,0,0,0,0,0,0,0,0,0,0,0,0,0,0,0,0,0,0,0,0,0,0,0,0,0,0,0,0,0,0,0,0,0,0,0,0,0,0,0,0,0,0,0,0,0,0,0,0,0,0,0,0,0,0,0,0,0,0,0,0,0,0,0,0,0,0,0,0,0,0,0,0,0,0,0,0,0,0,0,0,0,0,0,0,0,0,0,0,0,0,0,0,0,0,0,0,0,0,0,0,0,0,0,0,0,0,0,0,0,0,0,0,0,0
20,100,0,2.930032,3.348787,20,100,0,3.95426,4.049898,0,133,2.930032,3.348787,0.004,1,2.948764,3.348787,0.004,1,2.954606,3.35463,0.004,1,2.96326,3.35463,0.004,1,2.96426,3.35363,0.004,1,2.96426,3.34763,0.004,1,2.97126,3.35463,0.004,6,3.16789,3.35463,0.004,6,3.26926,3.456,0.004,6,3.36526,3.456,0.004,6,3.61626,3.707,0.004,6,3.61626,3.974,0.004,6,3.64826,4.006,0.004,6,3.950573,4.006,0.004,6,3.95826,4.013686,0.004,6,3.95826,4.023,0.004,6,3.965472,4.030213,0.004,6,3.973945,4.030213,0.004,6,3.95426,4.049898,0.01,1,0,0,0,0,0,0,0,0,0,0,0,0,0,0,0,0,0,0,0,0,0,0,0,0,0,0,0,0,0,0,0,0,0,0,0,0,0,0,0,0,0,0,0,0,0,0,0,0,0,0,0,0,0,0,0,0,0,0,0,0,0,0,0,0,0,0,0,0,0,0,0,0,0,0,0,0,0,0,0,0,0,0,0,0,0,0,0,0,0,0,0,0,0,0,0,0,0,0,0,0,0,0,0,0,0,0,0,0,0,0,0,0,0,0,0,0,0,0,0,0,0,0,0,0,0,0,0,0,0,0,0,0
20,100,0,4.846244,4.937425,20,100,0,4.73926,5.374992,0,133,4.846244,4.937425,0.01,12,4.863756,4.954937,0.01,12,4.863756,4.993,0.01,12,4.863756,5.055874,0.01,12,4.863756,5.055874,0.01,12,4.863756,5.098496,0.004,12,4.86426,5.099,0.004,12,4.86426,5.141,0.004,7,4.77126,5.234,0.004,7,4.77126,5.342992,0.004,7,4.755008,5.359244,0.004,7,4.73926,5.374992,0.01,1,0,0,0,0,0,0,0,0,0,0,0,0,0,0,0,0,0,0,0,0,0,0,0,0,0,0,0,0,0,0,0,0,0,0,0,0,0,0,0,0,0,0,0,0,0,0,0,0,0,0,0,0,0,0,0,0,0,0,0,0,0,0,0,0,0,0,0,0,0,0,0,0,0,0,0,0,0,0,0,0,0,0,0,0,0,0,0,0,0,0,0,0,0,0,0,0,0,0,0,0,0,0,0,0,0,0,0,0,0,0,0,0,0,0,0,0,0,0,0,0,0,0,0,0,0,0,0,0,0,0,0,0,0,0,0,0,0,0,0,0,0,0,0,0,0,0,0,0,0,0,0,0,0,0,0,0,0,0,0,0
20,100,0,4.676268,5.343496,20,100,0,4.676268,5.312,0,133,4.676268,5.343496,0.01,1,4.66052,5.327748,0.01,1,4.64426,5.311488,0.004,6,4.64426,5.246,0.004,6,4.62926,5.231,0.004,6,4.64526,5.247,0.004,10,4.64526,5.280992,0.004,10,4.66052,5.296252,0.004,10,4.676268,5.312,0.01,1,0,0,0,0,0,0,0,0,0,0,0,0,0,0,0,0,0,0,0,0,0,0,0,0,0,0,0,0,0,0,0,0,0,0,0,0,0,0,0,0,0,0,0,0,0,0,0,0,0,0,0,0,0,0,0,0,0,0,0,0,0,0,0,0,0,0,0,0,0,0,0,0,0,0,0,0,0,0,0,0,0,0,0,0,0,0,0,0,0,0,0,0,0,0,0,0,0,0,0,0,0,0,0,0,0,0,0,0,0,0,0,0,0,0,0,0,0,0,0,0,0,0,0,0,0,0,0,0,0,0,0,0,0,0,0,0,0,0,0,0,0,0,0,0,0,0,0,0,0,0,0,0,0,0,0,0,0,0,0,0,0,0,0,0,0,0,0,0,0,0,0,0
20,100,0,3.206228,4.994779,20,100,0,1.634008,4.433703,0,133,3.206228,4.994779,0.01,1,3.186543,5.014465,0.01,1,3.168008,5.033,0.004,6,2.52926,5.033,0.004,6,1.94126,4.445,0.004,6,1.84426,4.445,0.004,6,1.81126,4.412,0.004,6,1.71026,4.412,0.004,6,1.68526,4.387,0.004,6,1.63766,4.387,0.004,6,1.59126,4.4334,0.004,6,1.59226,4.4334,0.004,1,1.592563,4.433703,0.004,1,1.634008,4.433703,0.004,1,0,0,0,0,0,0,0,0,0,0,0,0,0,0,0,0,0,0,0,0,0,0,0,0,0,0,0,0,0,0,0,0,0,0,0,0,0,0,0,0,0,0,0,0,0,0,0,0,0,0,0,0,0,0,0,0,0,0,0,0,0,0,0,0,0,0,0,0,0,0,0,0,0,0,0,0,0,0,0,0,0,0,0,0,0,0,0,0,0,0,0,0,0,0,0,0,0,0,0,0,0,0,0,0,0,0,0,0,0,0,0,0,0,0,0,0,0,0,0,0,0,0,0,0,0,0,0,0,0,0,0,0,0,0,0,0,0,0,0,0,0,0,0,0,0,0,0,0,0,0,0,0
20,100,0,2.863102,3.321228,20,100,0,2.970008,4.364858,0,133,2.863102,3.321228,0.004,1,2.863102,3.302496,0.004,1,2.85726,3.296653,0.004,1,2.85726,3.292,0.004,1,2.85826,3.291,0.004,1,2.86426,3.291,0.004,1,2.85726,3.284,0.004,10,2.85726,3.256686,0.004,10,2.833573,3.233,0.004,10,2.783946,3.233,0.004,10,2.61426,3.402686,0.004,10,2.61426,3.636314,0.004,10,2.75926,3.781314,0.004,10,2.770946,3.793,0.004,10,2.87826,3.793,0.004,10,2.96626,3.881,0.004,10,2.96626,4.355,0.004,10,2.96126,4.36,0.004,10,2.95326,4.36,0.004,10,2.950323,4.357063,0.004,10,2.950323,4.345173,0.004,10,2.970008,4.364858,0.01,1,0,0,0,0,0,0,0,0,0,0,0,0,0,0,0,0,0,0,0,0,0,0,0,0,0,0,0,0,0,0,0,0,0,0,0,0,0,0,0,0,0,0,0,0,0,0,0,0,0,0,0,0,0,0,0,0,0,0,0,0,0,0,0,0,0,0,0,0,0,0,0,0,0,0,0,0,0,0,0,0,0,0,0,0,0,0,0,0,0,0,0,0,0,0,0,0,0,0,0,0,0,0,0,0,0,0,0,0,0,0,0,0,0,0,0,0,0,0,0,0
20,100,0,3.560559,4.797929,20,100,0,6.506315,5.984024,0,133,3.560559,4.797929,0.01,1,3.580244,4.817614,0.01,1,3.683874,4.817614,0.004,6,3.70526,4.839,0.004,6,4.82826,4.839,0.004,6,5.04726,5.058,0.004,6,5.04726,5.57,0.004,6,5.14526,5.668,0.004,6,5.22026,5.668,0.004,6,5.64826,6.096,0.004,6,6.47626,6.096,0.004,6,6.506315,6.065944,0.004,6,6.506315,5.984024,0.004,12,0,0,0,0,0,0,0,0,0,0,0,0,0,0,0,0,0,0,0,0,0,0,0,0,0,0,0,0,0,0,0,0,0,0,0,0,0,0,0,0,0,0,0,0,0,0,0,0,0,0,0,0,0,0,0,0,0,0,0,0,0,0,0,0,0,0,0,0,0,0,0,0,0,0,0,0,0,0,0,0,0,0,0,0,0,0,0,0,0,0,0,0,0,0,0,0,0,0,0,0,0,0,0,0,0,0,0,0,0,0,0,0,0,0,0,0,0,0,0,0,0,0,0,0,0,0,0,0,0,0,0,0,0,0,0,0,0,0,0,0,0,0,0,0,0,0,0,0,0,0,0,0,0,0,0,0
20,100,0,4.707764,5.374992,20,100,0,4.979543,5.095275,0,133,4.707764,5.374992,0.01,1,4.723512,5.359244,0.01,1,4.739756,5.343,0.004,3,4.82826,5.343,0.004,3,4.84426,5.327,0.004,3,4.87826,5.327,0.004,10,4.91926,5.286,0.004,10,4.91926,5.111,0.004,10,4.93426,5.096,0.004,10,4.978819,5.096,0.004,1,4.979543,5.095275,0.004,1,0,0,0,0,0,0,0,0,0,0,0,0,0,0,0,0,0,0,0,0,0,0,0,0,0,0,0,0,0,0,0,0,0,0,0,0,0,0,0,0,0,0,0,0,0,0,0,0,0,0,0,0,0,0,0,0,0,0,0,0,0,0,0,0,0,0,0,0,0,0,0,0,0,0,0,0,0,0,0,0,0,0,0,0,0,0,0,0,0,0,0,0,0,0,0,0,0,0,0,0,0,0,0,0,0,0,0,0,0,0,0,0,0,0,0,0,0,0,0,0,0,0,0,0,0,0,0,0,0,0,0,0,0,0,0,0,0,0,0,0,0,0,0,0,0,0,0,0,0,0,0,0,0,0,0,0,0,0,0,0,0,0,0,0
20,100,0,4.707764,5.374992,20,100,0,4.770756,5.374992,0,133,4.707764,5.374992,0.01,1,4.723512,5.359244,0.01,1,4.739756,5.343,0.004,3,4.82826,5.343,0.004,3,4.84426,5.327,0.004,3,4.82726,5.344,0.004,10,4.801748,5.344,0.004,10,4.786504,5.359244,0.004,10,4.770756,5.374992,0.01,1,0,0,0,0,0,0,0,0,0,0,0,0,0,0,0,0,0,0,0,0,0,0,0,0,0,0,0,0,0,0,0,0,0,0,0,0,0,0,0,0,0,0,0,0,0,0,0,0,0,0,0,0,0,0,0,0,0,0,0,0,0,0,0,0,0,0,0,0,0,0,0,0,0,0,0,0,0,0,0,0,0,0,0,0,0,0,0,0,0,0,0,0,0,0,0,0,0,0,0,0,0,0,0,0,0,0,0,0,0,0,0,0,0,0,0,0,0,0,0,0,0,0,0,0,0,0,0,0,0,0,0,0,0,0,0,0,0,0,0,0,0,0,0,0,0,0,0,0,0,0,0,0,0,0,0,0,0,0,0,0,0,0,0,0,0,0,0,0,0,0,0,0
20,100,0,6.191355,5.984024,20,100,0,3.521189,4.719189,0,133,6.191355,5.984024,0.004,12,6.191355,5.908095,0.004,12,6.19126,5.908,0.004,12,6.19126,5.903,0.004,10,6.12026,5.832,0.004,10,6.12026,5.64,0.004,10,6.19526,5.565,0.004,10,6.19526,4.66,0.004,10,5.91726,4.382,0.004,10,5.48326,4.382,0.004,10,5.14626,4.719,0.004,10,3.560748,4.719,0.004,10,3.540874,4.738874,0.004,10,3.521189,4.719189,0.01,1,0,0,0,0,0,0,0,0,0,0,0,0,0,0,0,0,0,0,0,0,0,0,0,0,0,0,0,0,0,0,0,0,0,0,0,0,0,0,0,0,0,0,0,0,0,0,0,0,0,0,0,0,0,0,0,0,0,0,0,0,0,0,0,0,0,0,0,0,0,0,0,0,0,0,0,0,0,0,0,0,0,0,0,0,0,0,0,0,0,0,0,0,0,0,0,0,0,0,0,0,0,0,0,0,0,0,0,0,0,0,0,0,0,0,0,0,0,0,0,0,0,0,0,0,0,0,0,0,0,0,0,0,0,0,0,0,0,0,0,0,0,0,0,0,0,0,0,0,0,0,0,0
20,100,0,2.45826,3.580354,20,100,0,2.776488,3.427528,0,133,2.45826,3.580354,0.004,1,2.50426,3.534354,0.004,1,2.50426,3.514686,0.004,1,2.531946,3.487,0.004,1,2.624946,3.487,0.004,1,2.678946,3.433,0.004,1,2.73463,3.433,0.004,1,2.73926,3.42837,0.004,1,2.74426,3.43337,0.004,1,2.751913,3.43337,0.004,1,2.757756,3.427528,0.004,1,2.776488,3.427528,0.004,1,0,0,0,0,0,0,0,0,0,0,0,0,0,0,0,0,0,0,0,0,0,0,0,0,0,0,0,0,0,0,0,0,0,0,0,0,0,0,0,0,0,0,0,0,0,0,0,0,0,0,0,0,0,0,0,0,0,0,0,0,0,0,0,0,0,0,0,0,0,0,0,0,0,0,0,0,0,0,0,0,0,0,0,0,0,0,0,0,0,0,0,0,0,0,0,0,0,0,0,0,0,0,0,0,0,0,0,0,0,0,0,0,0,0,0,0,0,0,0,0,0,0,0,0,0,0,0,0,0,0,0,0,0,0,0,0,0,0,0,0,0,0,0,0,0,0,0,0,0,0,0,0,0,0,0,0,0,0,0,0
20,100,0,7.792677,5.507693,20,100,0,7.700158,5.582496,0,133,7.792677,5.507693,0.01,1,7.82137,5.479,0.01,1,7.86326,5.479,0.01,1,7.86326,5.541874,0.01,1,7.86326,5.541874,0.01,1,7.768386,5.541874,0.01,1,7.727764,5.582496,0.01,1,7.700158,5.582496,0.01,1,0,0,0,0,0,0,0,0,0,0,0,0,0,0,0,0,0,0,0,0,0,0,0,0,0,0,0,0,0,0,0,0,0,0,0,0,0,0,0,0,0,0,0,0,0,0,0,0,0,0,0,0,0,0,0,0,0,0,0,0,0,0,0,0,0,0,0,0,0,0,0,0,0,0,0,0,0,0,0,0,0,0,0,0,0,0,0,0,0,0,0,0,0,0,0,0,0,0,0,0,0,0,0,0,0,0,0,0,0,0,0,0,0,0,0,0,0,0,0,0,0,0,0,0,0,0,0,0,0,0,0,0,0,0,0,0,0,0,0,0,0,0,0,0,0,0,0,0,0,0,0,0,0,0,0,0,0,0,0,0,0,0,0,0,0,0,0,0,0,0,0,0,0,0,0,0
20,100,0,7.792677,5.507693,20,100,0,8.17726,5.493,0,133,7.792677,5.507693,0.01,1,7.82137,5.479,0.01,1,7.86326,5.479,0.01,1,7.86326,5.541874,0.01,1,7.86326,5.541874,0.01,1,7.768386,5.541874,0.01,1,7.727764,5.582496,0.01,1,7.700158,5.582496,0.01,1,7.700158,5.676702,0.01,1,7.703456,5.68,0.01,1,7.77826,5.68,0.01,1,7.77826,5.68,0.01,1,8.12526,5.68,0.008,1,8.17726,5.628,0.008,1,8.17726,5.493,0.008,1,0,0,0,0,0,0,0,0,0,0,0,0,0,0,0,0,0,0,0,0,0,0,0,0,0,0,0,0,0,0,0,0,0,0,0,0,0,0,0,0,0,0,0,0,0,0,0,0,0,0,0,0,0,0,0,0,0,0,0,0,0,0,0,0,0,0,0,0,0,0,0,0,0,0,0,0,0,0,0,0,0,0,0,0,0,0,0,0,0,0,0,0,0,0,0,0,0,0,0,0,0,0,0,0,0,0,0,0,0,0,0,0,0,0,0,0,0,0,0,0,0,0,0,0,0,0,0,0,0,0,0,0,0,0,0,0,0,0,0,0,0,0,0,0,0,0,0,0
20,100,0,4.623008,4.138008,20,100,0,4.465528,4.138008,0,133,4.623008,4.138008,0.01,1,4.60726,4.153756,0.01,1,4.588504,4.135,0.004,12,4.52626,4.135,0.004,12,4.45426,4.135,0.004,6,4.449779,4.13948,0.004,6,4.449779,4.153756,0.004,6,4.465528,4.138008,0.01,1,0,0,0,0,0,0,0,0,0,0,0,0,0,0,0,0,0,0,0,0,0,0,0,0,0,0,0,0,0,0,0,0,0,0,0,0,0,0,0,0,0,0,0,0,0,0,0,0,0,0,0,0,0,0,0,0,0,0,0,0,0,0,0,0,0,0,0,0,0,0,0,0,0,0,0,0,0,0,0,0,0,0,0,0,0,0,0,0,0,0,0,0,0,0,0,0,0,0,0,0,0,0,0,0,0,0,0,0,0,0,0,0,0,0,0,0,0,0,0,0,0,0,0,0,0,0,0,0,0,0,0,0,0,0,0,0,0,0,0,0,0,0,0,0,0,0,0,0,0,0,0,0,0,0,0,0,0,0,0,0,0,0,0,0,0,0,0,0,0,0,0,0,0,0,-1,0
20,100,0,4.623008,4.138008,20,100,0,3.757409,4.207378,0,133,4.623008,4.138008,0.01,1,4.60726,4.153756,0.01,1,4.588504,4.135,0.004,12,4.52626,4.135,0.004,12,4.53226,4.129,0.004,6,4.53226,4.119,0.004,6,4.52526,4.112,0.004,6,4.06526,4.112,0.004,6,4.04926,4.128,0.004,6,3.80626,4.128,0.004,6,3.79626,4.138,0.004,6,3.79626,4.168528,0.004,6,3.777094,4.187693,0.004,6,3.757409,4.207378,0.01,1,0,0,0,0,0,0,0,0,0,0,0,0,0,0,0,0,0,0,0,0,0,0,0,0,0,0,0,0,0,0,0,0,0,0,0,0,0,0,0,0,0,0,0,0,0,0,0,0,0,0,0,0,0,0,0,0,0,0,0,0,0,0,0,0,0,0,0,0,0,0,0,0,0,0,0,0,0,0,0,0,0,0,0,0,0,0,0,0,0,0,0,0,0,0,0,0,0,0,0,0,0,0,0,0,0,0,0,0,0,0,0,0,0,0,0,0,0,0,0,0,0,0,0,0,0,0,0,0,0,0,0,0,0,0,0,0,0,0,0,0,0,0,0,0,0,0,0,0,0,0,-1,0
20,100,0,3.284968,4.286118,20,100,0,4.73926,5.532472,0,133,3.284968,4.286118,0.01,1,3.265284,4.266433,0.01,1,3.28526,4.286409,0.004,3,3.28526,5.167,0.004,3,3.41526,5.297,0.004,3,3.41526,5.403,0.004,3,3.77326,5.761,0.004,3,3.77326,5.812,0.004,3,3.79726,5.836,0.004,3,3.836882,5.836,0.004,1,3.899756,5.836,0.004,1,3.899756,5.836,0.004,1,4.09926,5.836,0.004,1,4.24326,5.692,0.004,1,4.62026,5.692,0.004,1,4.73926,5.573,0.004,1,4.73926,5.532472,0.004,1,0,0,0,0,0,0,0,0,0,0,0,0,0,0,0,0,0,0,0,0,0,0,0,0,0,0,0,0,0,0,0,0,0,0,0,0,0,0,0,0,0,0,0,0,0,0,0,0,0,0,0,0,0,0,0,0,0,0,0,0,0,0,0,0,0,0,0,0,0,0,0,0,0,0,0,0,0,0,0,0,0,0,0,0,0,0,0,0,0,0,0,0,0,0,0,0,0,0,0,0,0,0,0,0,0,0,0,0,0,0,0,0,0,0,0,0,0,0,0,0,0,0,0,0,0,0,0,0,0,0,0,0,0,0,0,0,0,0,0,0
20,100,0,1.634008,4.295803,20,100,0,2.970008,4.916039,0,133,1.634008,4.295803,0.004,1,1.676863,4.295803,0.004,1,1.67726,4.2962,0.004,1,1.69946,4.274,0.004,6,1.99926,4.274,0.004,6,2.68126,4.956,0.004,6,2.930047,4.956,0.004,6,2.950323,4.935724,0.004,6,2.970008,4.916039,0.01,1,0,0,0,0,0,0,0,0,0,0,0,0,0,0,0,0,0,0,0,0,0,0,0,0,0,0,0,0,0,0,0,0,0,0,0,0,0,0,0,0,0,0,0,0,0,0,0,0,0,0,0,0,0,0,0,0,0,0,0,0,0,0,0,0,0,0,0,0,0,0,0,0,0,0,0,0,0,0,0,0,0,0,0,0,0,0,0,0,0,0,0,0,0,0,0,0,0,0,0,0,0,0,0,0,0,0,0,0,0,0,0,0,0,0,0,0,0,0,0,0,0,0,0,0,0,0,0,0,0,0,0,0,0,0,0,0,0,0,0,0,0,0,0,0,0,0,0,0,0,0,0,0,0,0,0,0,0,0,0,0,0,0,0,0,0,0,0,0,0,0,0,1
20,100,0,3.363709,4.443598,20,100,0,3.403079,4.443598,0,133,3.363709,4.443598,0.01,1,3.403079,4.443598,0.01,1,0,0,0,0,0,0,0,0,0,0,0,0,0,0,0,0,0,0,0,0,0,0,0,0,0,0,0,0,0,0,0,0,0,0,0,0,0,0,0,0,0,0,0,0,0,0,0,0,0,0,0,0,0,0,0,0,0,0,0,0,0,0,0,0,0,0,0,0,0,0,0,0,0,0,0,0,0,0,0,0,0,0,0,0,0,0,0,0,0,0,0,0,0,0,0,0,0,0,0,0,0,0,0,0,0,0,0,0,0,0,0,0,0,0,0,0,0,0,0,0,0,0,0,0,0,0,0,0,0,0,0,0,0,0,0,0,0,0,0,0,0,0,0,0,0,0,0,0,0,0,0,0,0,0,0,0,0,0,0,0,0,0,0,0,0,0,0,0,0,0,0,0,0,0,0,0,0,0,0,0,0,0,0,0,0,0,0,0,0,0,0,0,0,0,0,0,0,0,0,0
20,100,0,3.363709,4.443598,20,100,0,3.363709,4.482968,0,133,3.363709,4.443598,0.01,1,3.403079,4.443598,0.01,1,3.383394,4.423913,0.01,1,3.373898,4.433409,0.01,12,3.34726,4.433409,0.01,12,3.34726,4.476,0.01,12,3.34726,4.476,0.01,12,3.34726,4.499417,0.01,12,3.344024,4.502654,0.01,12,3.363709,4.482968,0.01,1,0,0,0,0,0,0,0,0,0,0,0,0,0,0,0,0,0,0,0,0,0,0,0,0,0,0,0,0,0,0,0,0,0,0,0,0,0,0,0,0,0,0,0,0,0,0,0,0,0,0,0,0,0,0,0,0,0,0,0,0,0,0,0,0,0,0,0,0,0,0,0,0,0,0,0,0,0,0,0,0,0,0,0,0,0,0,0,0,0,0,0,0,0,0,0,0,0,0,0,0,0,0,0,0,0,0,0,0,0,0,0,0,0,0,0,0,0,0,0,0,0,0,0,0,0,0,0,0,0,0,0,0,0,0,0,0,0,0,0,0,0,0,0,0,0,0,0,0,0,0,0,0,0,0,0,0,0,0,0,0,0,0,0,0,0,0,0,0
20,100,0,3.206228,4.837299,20,100,0,2.541496,5.987567,0,133,3.206228,4.837299,0.01,1,3.186543,4.856984,0.01,1,3.131276,4.856984,0.004,10,3.08826,4.9,0.004,10,3.08826,5.341,0.004,10,2.48626,5.943,0.004,10,2.48626,5.987,0.004,10,2.486827,5.987567,0.004,1,2.541496,5.987567,0.004,1,0,0,0,0,0,0,0,0,0,0,0,0,0,0,0,0,0,0,0,0,0,0,0,0,0,0,0,0,0,0,0,0,0,0,0,0,0,0,0,0,0,0,0,0,0,0,0,0,0,0,0,0,0,0,0,0,0,0,0,0,0,0,0,0,0,0,0,0,0,0,0,0,0,0,0,0,0,0,0,0,0,0,0,0,0,0,0,0,0,0,0,0,0,0,0,0,0,0,0,0,0,0,0,0,0,0,0,0,0,0,0,0,0,0,0,0,0,0,0,0,0,0,0,0,0,0,0,0,0,0,0,0,0,0,0,0,0,0,0,0,0,0,0,0,0,0,0,0,0,0,0,0,0,0,0,0,0,0,0,0,0,0,0,0,0,0,0,0,0,0,0,1
20,100,0,1.634008,4.473104,20,100,0,3.166858,4.994779,0,133,1.634008,4.473104,0.004,1,1.676863,4.473104,0.004,1,1.67726,4.4735,0.004,1,1.71576,4.512,0.004,7,1.90526,4.512,0.004,7,1.96326,4.57,0.004,7,1.96326,4.74,0.004,7,2.38526,5.162,0.004,7,3.05126,5.162,0.004,7,3.12526,5.088,0.004,7,3.12526,5.036378,0.004,7,3.147173,5.014465,0.004,7,3.166858,4.994779,0.01,1,0,0,0,0,0,0,0,0,0,0,0,0,0,0,0,0,0,0,0,0,0,0,0,0,0,0,0,0,0,0,0,0,0,0,0,0,0,0,0,0,0,0,0,0,0,0,0,0,0,0,0,0,0,0,0,0,0,0,0,0,0,0,0,0,0,0,0,0,0,0,0,0,0,0,0,0,0,0,0,0,0,0,0,0,0,0,0,0,0,0,0,0,0,0,0,0,0,0,0,0,0,0,0,0,0,0,0,0,0,0,0,0,0,0,0,0,0,0,0,0,0,0,0,0,0,0,0,0,0,0,0,0,0,0,0,0,0,0,0,0,0,0,0,0,0,0,0,0,0,0,0,0,0,0,0,0
20,100,0,6.585056,5.984024,20,100,0,3.560559,4.640449,0,133,6.585056,5.984024,0.004,12,6.585056,5.908204,0.004,12,6.58526,5.908,0.004,12,6.58526,5.877,0.004,10,6.55226,5.844,0.004,10,6.43926,5.844,0.004,10,6.29826,5.703,0.004,10,6.29826,4.409,0.004,10,6.21626,4.327,0.004,10,5.98226,4.327,0.004,10,5.94126,4.286,0.004,10,5.47426,4.286,0.004,10,5.11926,4.641,0.004,10,3.599378,4.641,0.004,10,3.580244,4.660134,0.004,10,3.560559,4.640449,0.01,1,0,0,0,0,0,0,0,0,0,0,0,0,0,0,0,0,0,0,0,0,0,0,0,0,0,0,0,0,0,0,0,0,0,0,0,0,0,0,0,0,0,0,0,0,0,0,0,0,0,0,0,0,0,0,0,0,0,0,0,0,0,0,0,0,0,0,0,0,0,0,0,0,0,0,0,0,0,0,0,0,0,0,0,0,0,0,0,0,0,0,0,0,0,0,0,0,0,0,0,0,0,0,0,0,0,0,0,0,0,0,0,0,0,0,0,0,0,0,0,0,0,0,0,0,0,0,0,0,0,0,0,0,0,0,0,0,0,0,0,0,0,0,0,1
20,100,0,1.815508,5.221203,20,100,0,3.048748,5.07352,0,133,1.815508,5.221203,0.004,1,2.073056,5.221203,0.004,1,2.10626,5.188,0.004,1,2.934268,5.188,0.004,1,3.048748,5.07352,0.004,1,0,0,0,0,0,0,0,0,0,0,0,0,0,0,0,0,0,0,0,0,0,0,0,0,0,0,0,0,0,0,0,0,0,0,0,0,0,0,0,0,0,0,0,0,0,0,0,0,0,0,0,0,0,0,0,0,0,0,0,0,0,0,0,0,0,0,0,0,0,0,0,0,0,0,0,0,0,0,0,0,0,0,0,0,0,0,0,0,0,0,0,0,0,0,0,0,0,0,0,0,0,0,0,0,0,0,0,0,0,0,0,0,0,0,0,0,0,0,0,0,0,0,0,0,0,0,0,0,0,0,0,0,0,0,0,0,0,0,0,0,0,0,0,0,0,0,0,0,0,0,0,0,0,0,0,0,0,0,0,0,0,0,0,0,0,0,0,0,0,0,0,0,0,0,0,0,0,0,0,0,0,0,0,0,0,0,0,0
20,100,0,5.36026,5.44537,20,100,0,5.316953,5.44537,0,133,5.36026,5.44537,0.004,1,5.349795,5.44537,0.004,1,5.343953,5.439528,0.004,1,5.33326,5.439528,0.004,1,5.327417,5.44537,0.004,1,5.316953,5.44537,0.004,1,0,0,0,0,0,0,0,0,0,0,0,0,0,0,0,0,0,0,0,0,0,0,0,0,0,0,0,0,0,0,0,0,0,0,0,0,0,0,0,0,0,0,0,0,0,0,0,0,0,0,0,0,0,0,0,0,0,0,0,0,0,0,0,0,0,0,0,0,0,0,0,0,0,0,0,0,0,0,0,0,0,0,0,0,0,0,0,0,0,0,0,0,0,0,0,0,0,0,0,0,0,0,0,0,0,0,0,0,0,0,0,0,0,0,0,0,0,0,0,0,0,0,0,0,0,0,0,0,0,0,0,0,0,0,0,0,0,0,0,0,0,0,0,0,0,0,0,0,0,0,0,0,0,0,0,0,0,0,0,0,0,0,0,0,0,0,0,0,0,0,0,0,0,0,0,0,0,0,0,0,0,0,0,0
20,100,0,5.36026,5.44537,20,100,0,4.833748,5.46948,0,133,5.36026,5.44537,0.004,1,5.349795,5.44537,0.004,1,5.343953,5.439528,0.004,1,5.33326,5.439528,0.004,1,5.327417,5.44537,0.004,1,5.316953,5.44537,0.004,1,5.306488,5.44537,0.004,1,5.301118,5.44,0.004,1,5.244574,5.44,0.004,1,5.194574,5.49,0.004,1,4.92826,5.49,0.004,1,4.895992,5.457732,0.004,1,4.854638,5.457732,0.004,1,4.84289,5.46948,0.004,1,4.833748,5.46948,0.004,1,0,0,0,0,0,0,0,0,0,0,0,0,0,0,0,0,0,0,0,0,0,0,0,0,0,0,0,0,0,0,0,0,0,0,0,0,0,0,0,0,0,0,0,0,0,0,0,0,0,0,0,0,0,0,0,0,0,0,0,0,0,0,0,0,0,0,0,0,0,0,0,0,0,0,0,0,0,0,0,0,0,0,0,0,0,0,0,0,0,0,0,0,0,0,0,0,0,0,0,0,0,0,0,0,0,0,0,0,0,0,0,0,0,0,0,0,0,0,0,0,0,0,0,0,0,0,0,0,0,0,0,0,0,0,0,0,0,0,0,0,0,0,0,0,0,0,0,0
20,100,0,5.36026,5.44537,20,100,0,8.09852,5.542213,0,133,5.36026,5.44537,0.004,1,5.36852,5.44537,0.004,1,5.37426,5.43963,0.004,1,5.38626,5.43963,0.004,1,5.39326,5.44663,0.004,1,5.40026,5.43963,0.004,3,6.938576,5.43963,0.004,3,7.380946,5.882,0.004,3,8.03026,5.882,0.004,3,8.21826,5.694,0.004,3,8.21826,5.603686,0.004,3,8.187235,5.572661,0.004,3,8.128968,5.572661,0.004,3,8.09852,5.542213,0.004,3,0,0,0,0,0,0,0,0,0,0,0,0,0,0,0,0,0,0,0,0,0,0,0,0,0,0,0,0,0,0,0,0,0,0,0,0,0,0,0,0,0,0,0,0,0,0,0,0,0,0,0,0,0,0,0,0,0,0,0,0,0,0,0,0,0,0,0,0,0,0,0,0,0,0,0,0,0,0,0,0,0,0,0,0,0,0,0,0,0,0,0,0,0,0,0,0,0,0,0,0,0,0,0,0,0,0,0,0,0,0,0,0,0,0,0,0,0,0,0,0,0,0,0,0,0,0,0,0,0,0,0,0,0,0,0,0,0,0,0,0,0,0,0,0,0,0,0,0,0,0,0,1
20,100,0,4.431772,6.057,20,100,0,3.521189,5.07352,0,133,4.431772,6.057,0.004,1,4.430772,6.058,0.004,1,4.36326,6.058,0.004,1,4.31826,6.058,0.004,3,4.23926,5.979,0.004,3,4.01026,5.979,0.004,3,3.88626,5.855,0.004,3,3.88626,5.712,0.004,3,3.521189,5.346929,0.004,3,3.521189,5.113039,0.004,3,3.521189,5.07352,0.01,1,0,0,0,0,0,0,0,0,0,0,0,0,0,0,0,0,0,0,0,0,0,0,0,0,0,0,0,0,0,0,0,0,0,0,0,0,0,0,0,0,0,0,0,0,0,0,0,0,0,0,0,0,0,0,0,0,0,0,0,0,0,0,0,0,0,0,0,0,0,0,0,0,0,0,0,0,0,0,0,0,0,0,0,0,0,0,0,0,0,0,0,0,0,0,0,0,0,0,0,0,0,0,0,0,0,0,0,0,0,0,0,0,0,0,0,0,0,0,0,0,0,0,0,0,0,0,0,0,0,0,0,0,0,0,0,0,0,0,0,0,0,0,0,0,0,0,0,0,0,0,0,0,0,0,0,0,0,0,0,0,0,0,0,0
20,100,0,2.970008,4.955409,20,100,0,1.815508,3.922003,0,133,2.970008,4.955409,0.01,1,2.950323,4.975094,0.01,1,2.929417,4.996,0.004,12,2.69926,4.996,0.004,12,2.54126,4.838,0.004,12,2.54126,4.5934,0.004,12,1.869863,3.922003,0.004,12,1.815508,3.922003,0.004,1,0,0,0,0,0,0,0,0,0,0,0,0,0,0,0,0,0,0,0,0,0,0,0,0,0,0,0,0,0,0,0,0,0,0,0,0,0,0,0,0,0,0,0,0,0,0,0,0,0,0,0,0,0,0,0,0,0,0,0,0,0,0,0,0,0,0,0,0,0,0,0,0,0,0,0,0,0,0,0,0,0,0,0,0,0,0,0,0,0,0,0,0,0,0,0,0,0,0,0,0,0,0,0,0,0,0,0,0,0,0,0,0,0,0,0,0,0,0,0,0,0,0,0,0,0,0,0,0,0,0,0,0,0,0,0,0,0,0,0,0,0,0,0,0,0,0,0,0,0,0,0,0,0,0,0,0,0,0,0,0,0,0,0,0,0,0,0,0,0,0,0,0,0,0,0,0
20,100,0,3.403079,4.876669,20,100,0,4.73926,5.406488,0,133,3.403079,4.876669,0.01,1,3.422764,4.896354,0.01,1,3.44226,4.91585,0.004,10,3.44226,5.075,0.004,10,3.47126,5.104,0.004,10,3.47126,5.603,0.004,10,3.65526,5.787,0.004,10,3.65526,5.896,0.004,10,3.65626,5.896,0.004,10,3.65626,5.811,0.004,1,3.69926,5.768,0.004,1,3.829882,5.768,0.004,1,3.836882,5.775,0.004,1,3.899756,5.775,0.004,1,3.899756,5.775,0.004,1,3.906756,5.768,0.004,1,3.94626,5.768,0.004,1,4.15326,5.768,0.004,3,4.22526,5.84,0.004,3,4.68826,5.84,0.004,3,4.77126,5.757,0.004,3,4.77126,5.438488,0.004,3,4.755008,5.422236,0.004,3,4.73926,5.406488,0.01,1,0,0,0,0,0,0,0,0,0,0,0,0,0,0,0,0,0,0,0,0,0,0,0,0,0,0,0,0,0,0,0,0,0,0,0,0,0,0,0,0,0,0,0,0,0,0,0,0,0,0,0,0,0,0,0,0,0,0,0,0,0,0,0,0,0,0,0,0,0,0,0,0,0,0,0,0,0,0,0,0,0,0,0,0,0,0,0,0,0,0,0,0,0,0,0,0,0,0,0,0,0,0,0,0,0,0,0,0,0,0,0,1
20,100,0,3.678669,4.168008,20,100,0,3.599929,4.207378,0,133,3.678669,4.168008,0.01,1,3.698354,4.148323,0.01,1,3.694031,4.144,0.01,12,3.65726,4.144,0.01,12,3.614669,4.144,0.01,12,3.614669,4.144,0.01,12,3.614669,4.182748,0.014,12,3.616669,4.184748,0.014,12,3.619614,4.187693,0.01,12,3.619614,4.187693,0.01,1,3.619614,4.187693,0.01,1,3.599929,4.207378,0.01,1,0,0,0,0,0,0,0,0,0,0,0,0,0,0,0,0,0,0,0,0,0,0,0,0,0,0,0,0,0,0,0,0,0,0,0,0,0,0,0,0,0,0,0,0,0,0,0,0,0,0,0,0,0,0,0,0,0,0,0,0,0,0,0,0,0,0,0,0,0,0,0,0,0,0,0,0,0,0,0,0,0,0,0,0,0,0,0,0,0,0,0,0,0,0,0,0,0,0,0,0,0,0,0,0,0,0,0,0,0,0,0,0,0,0,0,0,0,0,0,0,0,0,0,0,0,0,0,0,0,0,0,0,0,0,0,0,0,0,0,0,0,0,0,0,0,0,0,0,0,0,0,0,0,0,0,0,0,0,-1,0
20,100,0,3.678669,4.168008,20,100,0,3.639299,4.168008,0,133,3.678669,4.168008,0.01,1,3.698354,4.148323,0.01,1,3.694031,4.144,0.01,12,3.65726,4.144,0.01,12,3.614669,4.144,0.01,12,3.614669,4.144,0.01,12,3.614669,4.182748,0.014,12,3.616669,4.184748,0.014,12,3.619614,4.187693,0.01,12,3.619614,4.187693,0.01,1,3.619614,4.187693,0.01,1,3.639299,4.168008,0.01,1,0,0,0,0,0,0,0,0,0,0,0,0,0,0,0,0,0,0,0,0,0,0,0,0,0,0,0,0,0,0,0,0,0,0,0,0,0,0,0,0,0,0,0,0,0,0,0,0,0,0,0,0,0,0,0,0,0,0,0,0,0,0,0,0,0,0,0,0,0,0,0,0,0,0,0,0,0,0,0,0,0,0,0,0,0,0,0,0,0,0,0,0,0,0,0,0,0,0,0,0,0,0,0,0,0,0,0,0,0,0,0,0,0,0,0,0,0,0,0,0,0,0,0,0,0,0,0,0,0,0,0,0,0,0,0,0,0,0,0,0,0,0,0,0,0,0,0,0,0,0,0,0,0,0,0,0,0,0,-1,0
20,100,0,3.678669,4.168008,20,100,0,3.599929,4.168008,0,133,3.678669,4.168008,0.01,1,3.698354,4.148323,0.01,1,3.694031,4.144,0.01,12,3.65726,4.144,0.01,12,3.614669,4.144,0.01,12,3.614669,4.144,0.01,12,3.614669,4.182748,0.014,12,3.616669,4.184748,0.014,12,3.619614,4.187693,0.01,12,3.619614,4.187693,0.01,1,3.619614,4.187693,0.01,1,3.599929,4.168008,0.01,1,0,0,0,0,0,0,0,0,0,0,0,0,0,0,0,0,0,0,0,0,0,0,0,0,0,0,0,0,0,0,0,0,0,0,0,0,0,0,0,0,0,0,0,0,0,0,0,0,0,0,0,0,0,0,0,0,0,0,0,0,0,0,0,0,0,0,0,0,0,0,0,0,0,0,0,0,0,0,0,0,0,0,0,0,0,0,0,0,0,0,0,0,0,0,0,0,0,0,0,0,0,0,0,0,0,0,0,0,0,0,0,0,0,0,0,0,0,0,0,0,0,0,0,0,0,0,0,0,0,0,0,0,0,0,0,0,0,0,0,0,0,0,0,0,0,0,0,0,0,0,0,0,0,0,0,0,0,0,-1,1
20,100,0,3.678669,4.168008,20,100,0,3.599929,4.207378,0,133,3.678669,4.168008,0.01,1,3.698354,4.148323,0.01,1,3.694031,4.144,0.01,12,3.65726,4.144,0.01,12,3.614669,4.144,0.01,12,3.614669,4.144,0.01,12,3.614669,4.182748,0.014,12,3.616669,4.184748,0.014,12,3.619614,4.187693,0.01,12,3.619614,4.187693,0.01,1,3.599929,4.207378,0.01,1,0,0,0,0,0,0,0,0,0,0,0,0,0,0,0,0,0,0,0,0,0,0,0,0,0,0,0,0,0,0,0,0,0,0,0,0,0,0,0,0,0,0,0,0,0,0,0,0,0,0,0,0,0,0,0,0,0,0,0,0,0,0,0,0,0,0,0,0,0,0,0,0,0,0,0,0,0,0,0,0,0,0,0,0,0,0,0,0,0,0,0,0,0,0,0,0,0,0,0,0,0,0,0,0,0,0,0,0,0,0,0,0,0,0,0,0,0,0,0,0,0,0,0,0,0,0,0,0,0,0,0,0,0,0,0,0,0,0,0,0,0,0,0,0,0,0,0,0,0,0,0,0,0,0,0,0,0,0,0,0,0,0,-1,1
20,100,0,3.678669,4.168008,20,100,0,3.639299,4.168008,0,133,3.678669,4.168008,0.01,1,3.698354,4.148323,0.01,1,3.694031,4.144,0.01,12,3.65726,4.144,0.01,12,3.614669,4.144,0.01,12,3.614669,4.144,0.01,12,3.614669,4.182748,0.014,12,3.616669,4.184748,0.014,12,3.619614,4.187693,0.01,12,3.619614,4.187693,0.01,1,3.639299,4.168008,0.01,1,0,0,0,0,0,0,0,0,0,0,0,0,0,0,0,0,0,0,0,0,0,0,0,0,0,0,0,0,0,0,0,0,0,0,0,0,0,0,0,0,0,0,0,0,0,0,0,0,0,0,0,0,0,0,0,0,0,0,0,0,0,0,0,0,0,0,0,0,0,0,0,0,0,0,0,0,0,0,0,0,0,0,0,0,0,0,0,0,0,0,0,0,0,0,0,0,0,0,0,0,0,0,0,0,0,0,0,0,0,0,0,0,0,0,0,0,0,0,0,0,0,0,0,0,0,0,0,0,0,0,0,0,0,0,0,0,0,0,0,0,0,0,0,0,0,0,0,0,0,0,0,0,0,0,0,0,0,0,0,0,0,0,-1,1
20,100,0,3.678669,4.168008,20,100,0,3.599929,4.168008,0,133,3.678669,4.168008,0.01,1,3.698354,4.148323,0.01,1,3.694031,4.144,0.01,12,3.65726,4.144,0.01,12,3.614669,4.144,0.01,12,3.614669,4.144,0.01,12,3.614669,4.182748,0.014,12,3.616669,4.184748,0.014,12,3.619614,4.187693,0.01,12,3.619614,4.187693,0.01,1,3.599929,4.168008,0.01,1,0,0,0,0,0,0,0,0,0,0,0,0,0,0,0,0,0,0,0,0,0,0,0,0,0,0,0,0,0,0,0,0,0,0,0,0,0,0,0,0,0,0,0,0,0,0,0,0,0,0,0,0,0,0,0,0,0,0,0,0,0,0,0,0,0,0,0,0,0,0,0,0,0,0,0,0,0,0,0,0,0,0,0,0,0,0,0,0,0,0,0,0,0,0,0,0,0,0,0,0,0,0,0,0,0,0,0,0,0,0,0,0,0,0,0,0,0,0,0,0,0,0,0,0,0,0,0,0,0,0,0,0,0,0,0,0,0,0,0,0,0,0,0,0,0,0,0,0,0,0,0,0,0,0,0,0,0,0,0,0,0,0,-1,1
20,100,0,3.678669,4.168008,20,100,0,3.599929,4.207378,0,133,3.678669,4.168008,0.01,1,3.698354,4.148323,0.01,1,3.694031,4.144,0.01,12,3.65726,4.144,0.01,12,3.614669,4.144,0.01,12,3.614669,4.144,0.01,12,3.614669,4.182748,0.014,12,3.616669,4.184748,0.014,12,3.619614,4.187693,0.01,12,3.599929,4.207378,0.01,1,0,0,0,0,0,0,0,0,0,0,0,0,0,0,0,0,0,0,0,0,0,0,0,0,0,0,0,0,0,0,0,0,0,0,0,0,0,0,0,0,0,0,0,0,0,0,0,0,0,0,0,0,0,0,0,0,0,0,0,0,0,0,0,0,0,0,0,0,0,0,0,0,0,0,0,0,0,0,0,0,0,0,0,0,0,0,0,0,0,0,0,0,0,0,0,0,0,0,0,0,0,0,0,0,0,0,0,0,0,0,0,0,0,0,0,0,0,0,0,0,0,0,0,0,0,0,0,0,0,0,0,0,0,0,0,0,0,0,0,0,0,0,0,0,0,0,0,0,0,0,0,0,0,0,0,0,0,0,0,0,0,0,0,0,0,0,-1,1
20,100,0,3.678669,4.168008,20,100,0,3.639299,4.168008,0,133,3.678669,4.168008,0.01,1,3.698354,4.148323,0.01,1,3.694031,4.144,0.01,12,3.65726,4.144,0.01,12,3.614669,4.144,0.01,12,3.614669,4.144,0.01,12,3.614669,4.182748,0.014,12,3.616669,4.184748,0.014,12,3.619614,4.187693,0.01,12,3.639299,4.168008,0.01,1,0,0,0,0,0,0,0,0,0,0,0,0,0,0,0,0,0,0,0,0,0,0,0,0,0,0,0,0,0,0,0,0,0,0,0,0,0,0,0,0,0,0,0,0,0,0,0,0,0,0,0,0,0,0,0,0,0,0,0,0,0,0,0,0,0,0,0,0,0,0,0,0,0,0,0,0,0,0,0,0,0,0,0,0,0,0,0,0,0,0,0,0,0,0,0,0,0,0,0,0,0,0,0,0,0,0,0,0,0,0,0,0,0,0,0,0,0,0,0,0,0,0,0,0,0,0,0,0,0,0,0,0,0,0,0,0,0,0,0,0,0,0,0,0,0,0,0,0,0,0,0,0,0,0,0,0,0,0,0,0,0,0,0,0,0,0,-1,1
20,100,0,3.678669,4.168008,20,100,0,3.599929,4.168008,0,133,3.678669,4.168008,0.01,1,3.698354,4.148323,0.01,1,3.694031,4.144,0.01,12,3.65726,4.144,0.01,12,3.614669,4.144,0.01,12,3.614669,4.144,0.01,12,3.614669,4.182748,0.014,12,3.616669,4.184748,0.014,12,3.619614,4.187693,0.01,12,3.599929,4.168008,0.01,1,0,0,0,0,0,0,0,0,0,0,0,0,0,0,0,0,0,0,0,0,0,0,0,0,0,0,0,0,0,0,0,0,0,0,0,0,0,0,0,0,0,0,0,0,0,0,0,0,0,0,0,0,0,0,0,0,0,0,0,0,0,0,0,0,0,0,0,0,0,0,0,0,0,0,0,0,0,0,0,0,0,0,0,0,0,0,0,0,0,0,0,0,0,0,0,0,0,0,0,0,0,0,0,0,0,0,0,0,0,0,0,0,0,0,0,0,0,0,0,0,0,0,0,0,0,0,0,0,0,0,0,0,0,0,0,0,0,0,0,0,0,0,0,0,0,0,0,0,0,0,0,0,0,0,0,0,0,0,0,0,0,0,0,0,0,0,-1,0
20,100,0,1.815508,3.882604,20,100,0,2.930638,4.955409,0,133,1.815508,3.882604,0.004,1,1.762956,3.882604,0.004,1,1.76326,3.8823,0.004,1,1.90056,3.8823,0.004,7,2.18426,4.166,0.004,7,2.18426,4.672,0.004,7,2.46826,4.956,0.004,7,2.891858,4.956,0.004,7,2.910953,4.975094,0.004,7,2.930638,4.955409,0.01,1,0,0,0,0,0,0,0,0,0,0,0,0,0,0,0,0,0,0,0,0,0,0,0,0,0,0,0,0,0,0,0,0,0,0,0,0,0,0,0,0,0,0,0,0,0,0,0,0,0,0,0,0,0,0,0,0,0,0,0,0,0,0,0,0,0,0,0,0,0,0,0,0,0,0,0,0,0,0,0,0,0,0,0,0,0,0,0,0,0,0,0,0,0,0,0,0,0,0,0,0,0,0,0,0,0,0,0,0,0,0,0,0,0,0,0,0,0,0,0,0,0,0,0,0,0,0,0,0,0,0,0,0,0,0,0,0,0,0,0,0,0,0,0,0,0,0,0,0,0,0,0,0,0,0,0,0,0,0,0,0,0,0,0,0,0,0,0,0
20,100,0,4.613276,5.312,20,100,0,4.613276,5.343496,0,133,4.613276,5.312,0.01,1,4.597528,5.296252,0.01,1,4.58178,5.312,0.004,10,4.597528,5.327748,0.004,6,4.613276,5.343496,0.01,1,0,0,0,0,0,0,0,0,0,0,0,0,0,0,0,0,0,0,0,0,0,0,0,0,0,0,0,0,0,0,0,0,0,0,0,0,0,0,0,0,0,0,0,0,0,0,0,0,0,0,0,0,0,0,0,0,0,0,0,0,0,0,0,0,0,0,0,0,0,0,0,0,0,0,0,0,0,0,0,0,0,0,0,0,0,0,0,0,0,0,0,0,0,0,0,0,0,0,0,0,0,0,0,0,0,0,0,0,0,0,0,0,0,0,0,0,0,0,0,0,0,0,0,0,0,0,0,0,0,0,0,0,0,0,0,0,0,0,0,0,0,0,0,0,0,0,0,0,0,0,0,0,0,0,0,0,0,0,0,0,0,0,0,0,0,0,0,0,0,0,0,0,0,0,0,0,0,0,0,0,0,0,0,0,0,0,0,0
20,100,0,7.373457,3.135827,20,100,0,7.641173,3.11811,0,133,7.373457,3.135827,0.004,1,7.37363,3.136,0.004,1,7.46426,3.136,0.004,1,7.52926,3.136,0.004,12,7.53426,3.131,0.004,12,7.53426,3.076,0.004,12,7.53426,3.076,0.004,12,7.599063,3.076,0.014,12,7.641173,3.11811,0.014,12,0,0,0,0,0,0,0,0,0,0,0,0,0,0,0,0,0,0,0,0,0,0,0,0,0,0,0,0,0,0,0,0,0,0,0,0,0,0,0,0,0,0,0,0,0,0,0,0,0,0,0,0,0,0,0,0,0,0,0,0,0,0,0,0,0,0,0,0,0,0,0,0,0,0,0,0,0,0,0,0,0,0,0,0,0,0,0,0,0,0,0,0,0,0,0,0,0,0,0,0,0,0,0,0,0,0,0,0,0,0,0,0,0,0,0,0,0,0,0,0,0,0,0,0,0,0,0,0,0,0,0,0,0,0,0,0,0,0,0,0,0,0,0,0,0,0,0,0,0,0,0,0,0,0,0,0,0,0,0,0,0,0,0,0,0,0,0,0,0,0,-1,0
20,100,0,2.541496,5.757252,20,100,0,1.815508,4.551904,0,133,2.541496,5.757252,0.004,1,2.611512,5.757252,0.004,1,2.61226,5.758,0.004,1,2.61226,5.69,0.004,12,2.43126,5.509,0.004,12,2.43126,5.18,0.004,12,1.87326,4.622,0.004,12,1.83366,4.622,0.004,12,1.76326,4.5516,0.004,12,1.762956,4.551904,0.004,1,1.815508,4.551904,0.004,1,0,0,0,0,0,0,0,0,0,0,0,0,0,0,0,0,0,0,0,0,0,0,0,0,0,0,0,0,0,0,0,0,0,0,0,0,0,0,0,0,0,0,0,0,0,0,0,0,0,0,0,0,0,0,0,0,0,0,0,0,0,0,0,0,0,0,0,0,0,0,0,0,0,0,0,0,0,0,0,0,0,0,0,0,0,0,0,0,0,0,0,0,0,0,0,0,0,0,0,0,0,0,0,0,0,0,0,0,0,0,0,0,0,0,0,0,0,0,0,0,0,0,0,0,0,0,0,0,0,0,0,0,0,0,0,0,0,0,0,0,0,0,0,0,0,0,0,0,0,0,0,0,0,0,0,0,0,0,0,0,0,0,0,0
20,100,0,3.088118,4.955409,20,100,0,1.815508,4.354904,0,133,3.088118,4.955409,0.01,1,3.068433,4.975094,0.01,1,3.049528,4.994,0.004,6,2.61426,4.994,0.004,6,1.975163,4.354904,0.004,6,1.869863,4.354904,0.004,6,1.815508,4.354904,0.004,1,0,0,0,0,0,0,0,0,0,0,0,0,0,0,0,0,0,0,0,0,0,0,0,0,0,0,0,0,0,0,0,0,0,0,0,0,0,0,0,0,0,0,0,0,0,0,0,0,0,0,0,0,0,0,0,0,0,0,0,0,0,0,0,0,0,0,0,0,0,0,0,0,0,0,0,0,0,0,0,0,0,0,0,0,0,0,0,0,0,0,0,0,0,0,0,0,0,0,0,0,0,0,0,0,0,0,0,0,0,0,0,0,0,0,0,0,0,0,0,0,0,0,0,0,0,0,0,0,0,0,0,0,0,0,0,0,0,0,0,0,0,0,0,0,0,0,0,0,0,0,0,0,0,0,0,0,0,0,0,0,0,0,0,0,0,0,0,0,0,0,0,0,0,0,0,0,0,0,0,0
20,100,0,3.521189,5.03415,20,100,0,4.431772,6.107,0,133,3.521189,5.03415,0.01,1,3.540874,5.053835,0.01,1,3.540874,5.319614,0.004,3,3.91626,5.695,0.004,3,3.91626,5.783,0.004,3,4.05226,5.919,0.004,3,4.31626,5.919,0.004,3,4.50226,6.105,0.004,3,4.433772,6.105,0.004,1,4.431772,6.107,0.004,1,0,0,0,0,0,0,0,0,0,0,0,0,0,0,0,0,0,0,0,0,0,0,0,0,0,0,0,0,0,0,0,0,0,0,0,0,0,0,0,0,0,0,0,0,0,0,0,0,0,0,0,0,0,0,0,0,0,0,0,0,0,0,0,0,0,0,0,0,0,0,0,0,0,0,0,0,0,0,0,0,0,0,0,0,0,0,0,0,0,0,0,0,0,0,0,0,0,0,0,0,0,0,0,0,0,0,0,0,0,0,0,0,0,0,0,0,0,0,0,0,0,0,0,0,0,0,0,0,0,0,0,0,0,0,0,0,0,0,0,0,0,0,0,0,0,0,0,0,0,0,0,0,0,0,0,0,0,0,0,0,0,0,0,0,0,0,0,0
20,100,0,2.851898,4.797929,20,100,0,1.815508,4.709503,0,133,2.851898,4.797929,0.004,1,2.247189,4.797929,0.004,1,2.158763,4.709503,0.004,1,1.815508,4.709503,0.004,1,0,0,0,0,0,0,0,0,0,0,0,0,0,0,0,0,0,0,0,0,0,0,0,0,0,0,0,0,0,0,0,0,0,0,0,0,0,0,0,0,0,0,0,0,0,0,0,0,0,0,0,0,0,0,0,0,0,0,0,0,0,0,0,0,0,0,0,0,0,0,0,0,0,0,0,0,0,0,0,0,0,0,0,0,0,0,0,0,0,0,0,0,0,0,0,0,0,0,0,0,0,0,0,0,0,0,0,0,0,0,0,0,0,0,0,0,0,0,0,0,0,0,0,0,0,0,0,0,0,0,0,0,0,0,0,0,0,0,0,0,0,0,0,0,0,0,0,0,0,0,0,0,0,0,0,0,0,0,0,0,0,0,0,0,0,0,0,0,0,0,0,0,0,0,0,0,0,0,0,0,0,0,0,0,0,0,0,0,0,0,0,0
20,100,0,3.481819,4.955409,20,100,0,6.663796,5.984024,0,133,3.481819,4.955409,0.01,1,3.501504,4.975094,0.01,1,3.48126,4.995338,0.004,6,3.48126,5.084,0.004,6,3.46826,5.097,0.004,6,3.46826,5.185,0.004,6,4.20426,5.921,0.004,6,4.20426,6.037,0.004,6,4.31626,6.149,0.004,6,6.61526,6.149,0.004,6,6.66326,6.101,0.004,6,6.66326,6.066,0.004,6,6.663796,6.065464,0.004,12,6.663796,5.984024,0.004,12,0,0,0,0,0,0,0,0,0,0,0,0,0,0,0,0,0,0,0,0,0,0,0,0,0,0,0,0,0,0,0,0,0,0,0,0,0,0,0,0,0,0,0,0,0,0,0,0,0,0,0,0,0,0,0,0,0,0,0,0,0,0,0,0,0,0,0,0,0,0,0,0,0,0,0,0,0,0,0,0,0,0,0,0,0,0,0,0,0,0,0,0,0,0,0,0,0,0,0,0,0,0,0,0,0,0,0,0,0,0,0,0,0,0,0,0,0,0,0,0,0,0,0,0,0,0,0,0,0,0,0,0,0,0,0,0,0,0,0,0,0,0,0,0,0,0,0,0,0,0,0,0
20,100,0,5.36026,5.425685,20,100,0,5.316953,5.425685,0,133,5.36026,5.425685,0.004,1,5.349795,5.425685,0.004,1,5.343953,5.431528,0.004,1,5.33326,5.431528,0.004,1,5.327417,5.425685,0.004,1,5.316953,5.425685,0.004,1,0,0,0,0,0,0,0,0,0,0,0,0,0,0,0,0,0,0,0,0,0,0,0,0,0,0,0,0,0,0,0,0,0,0,0,0,0,0,0,0,0,0,0,0,0,0,0,0,0,0,0,0,0,0,0,0,0,0,0,0,0,0,0,0,0,0,0,0,0,0,0,0,0,0,0,0,0,0,0,0,0,0,0,0,0,0,0,0,0,0,0,0,0,0,0,0,0,0,0,0,0,0,0,0,0,0,0,0,0,0,0,0,0,0,0,0,0,0,0,0,0,0,0,0,0,0,0,0,0,0,0,0,0,0,0,0,0,0,0,0,0,0,0,0,0,0,0,0,0,0,0,0,0,0,0,0,0,0,0,0,0,0,0,0,0,0,0,0,0,0,0,0,0,0,0,0,0,0,0,0,0,0,0,0
20,100,0,5.36026,5.425685,20,100,0,4.833748,5.437984,0,133,5.36026,5.425685,0.004,1,5.349795,5.425685,0.004,1,5.343953,5.431528,0.004,1,5.33326,5.431528,0.004,1,5.327417,5.425685,0.004,1,5.316953,5.425685,0.004,1,5.306488,5.425685,0.004,1,5.300173,5.432,0.004,1,5.24126,5.432,0.004,1,5.19126,5.482,0.004,1,4.931574,5.482,0.004,1,4.899306,5.449732,0.004,1,4.854638,5.449732,0.004,1,4.84289,5.437984,0.004,1,4.833748,5.437984,0.004,1,0,0,0,0,0,0,0,0,0,0,0,0,0,0,0,0,0,0,0,0,0,0,0,0,0,0,0,0,0,0,0,0,0,0,0,0,0,0,0,0,0,0,0,0,0,0,0,0,0,0,0,0,0,0,0,0,0,0,0,0,0,0,0,0,0,0,0,0,0,0,0,0,0,0,0,0,0,0,0,0,0,0,0,0,0,0,0,0,0,0,0,0,0,0,0,0,0,0,0,0,0,0,0,0,0,0,0,0,0,0,0,0,0,0,0,0,0,0,0,0,0,0,0,0,0,0,0,0,0,0,0,0,0,0,0,0,0,0,0,0,0,0,0,0,0,0,0,0
20,100,0,5.36026,5.425685,20,100,0,8.09852,5.61111,0,133,5.36026,5.425685,0.004,1,5.368315,5.425685,0.004,1,5.37426,5.43163,0.004,1,5.38626,5.43163,0.004,1,5.39326,5.42463,0.004,1,5.40026,5.43163,0.004,3,6.94189,5.43163,0.004,3,7.38426,5.874,0.004,3,8.026946,5.874,0.004,3,8.117946,5.783,0.004,3,8.1419,5.759046,0.004,3,8.1419,5.758339,0.004,3,8.1419,5.753389,0.004,3,8.14685,5.748439,0.004,3,8.1518,5.748439,0.004,3,8.152507,5.748439,0.004,3,8.157103,5.743843,0.004,3,8.169137,5.731809,0.004,3,8.169137,5.72686,0.004,3,8.169137,5.72191,0.004,3,8.174086,5.71696,0.004,3,8.179036,5.71696,0.004,3,8.183986,5.71696,0.004,3,8.188936,5.71201,0.004,3,8.188936,5.707061,0.004,3,8.188936,5.702111,0.004,3,8.193885,5.697161,0.004,3,8.198835,5.697161,0.004,3,8.203785,5.697161,0.004,3,8.20626,5.694686,0.004,3,8.21026,5.690686,0.004,3,8.21026,5.684,0.004,3,8.21026,5.6705,0.004,3,8.20676,5.667,0.004,3,8.20326,5.6635,0.004,3,8.20326,5.6565,0.004,3,8.20676,5.653,0.004,3,8.21026,5.6495,0.004,3,8.21026,5.646,0.004,3,8.21026,5.639,0.004,3,8.21026,5.6385,0.004,3,8.20676,5.635,0.004,3,8.20326,5.6315,0.004,3,8.20326,5.6245,0.004,3,8.20676,5.621,0.004,3,8.21026,5.6175,0.004,3,8.21026,5.614,0.004,3,8.21026,5.607,0.004,3,8.183921,5.580661,0.004,3,8.128968,5.580661,0.004,3,8.09852,5.61111,0.004,3,0,0,0,0
20,100,0,2.60174,3.27411,20,100,0,2.776488,3.407843,0,133,2.60174,3.27411,0.004,1,2.61237,3.27411,0.004,1,2.70226,3.364,0.008,1,2.70226,3.396,0.008,1,2.714102,3.407843,0.008,1,2.776488,3.407843,0.008,1,0,0,0,0,0,0,0,0,0,0,0,0,0,0,0,0,0,0,0,0,0,0,0,0,0,0,0,0,0,0,0,0,0,0,0,0,0,0,0,0,0,0,0,0,0,0,0,0,0,0,0,0,0,0,0,0,0,0,0,0,0,0,0,0,0,0,0,0,0,0,0,0,0,0,0,0,0,0,0,0,0,0,0,0,0,0,0,0,0,0,0,0,0,0,0,0,0,0,0,0,0,0,0,0,0,0,0,0,0,0,0,0,0,0,0,0,0,0,0,0,0,0,0,0,0,0,0,0,0,0,0,0,0,0,0,0,0,0,0,0,0,0,0,0,0,0,0,0,0,0,0,0,0,0,0,0,0,0,0,0,0,0,0,0,0,0,0,0,0,0,0,0,0,0,0,0,0,0,0,0,0,0,0,0
20,100,0,1.815508,3.744704,20,100,0,2.930638,4.916039,0,133,1.815508,3.744704,0.004,1,1.869863,3.744704,0.004,1,1.852556,3.744704,0.004,7,1.83426,3.763,0.004,7,1.83426,3.815,0.004,7,1.85626,3.837,0.004,7,1.96026,3.837,0.004,7,2.24626,4.123,0.004,7,2.24626,4.601,0.004,7,2.56126,4.916,0.004,7,2.891228,4.916,0.004,7,2.910953,4.935724,0.004,7,2.930638,4.916039,0.01,1,0,0,0,0,0,0,0,0,0,0,0,0,0,0,0,0,0,0,0,0,0,0,0,0,0,0,0,0,0,0,0,0,0,0,0,0,0,0,0,0,0,0,0,0,0,0,0,0,0,0,0,0,0,0,0,0,0,0,0,0,0,0,0,0,0,0,0,0,0,0,0,0,0,0,0,0,0,0,0,0,0,0,0,0,0,0,0,0,0,0,0,0,0,0,0,0,0,0,0,0,0,0,0,0,0,0,0,0,0,0,0,0,0,0,0,0,0,0,0,0,0,0,0,0,0,0,0,0,0,0,0,0,0,0,0,0,0,0,0,0,0,0,0,0,0,0,0,0,0,0,0,0,0,0,0,0
20,100,0,2.891268,5.03415,20,100,0,1.815508,4.473104,0,133,2.891268,5.03415,0.01,1,2.871583,5.053835,0.01,1,2.825417,5.1,0.004,6,2.54326,5.1,0.004,6,1.916363,4.473104,0.004,6,1.869863,4.473104,0.004,6,1.815508,4.473104,0.004,1,0,0,0,0,0,0,0,0,0,0,0,0,0,0,0,0,0,0,0,0,0,0,0,0,0,0,0,0,0,0,0,0,0,0,0,0,0,0,0,0,0,0,0,0,0,0,0,0,0,0,0,0,0,0,0,0,0,0,0,0,0,0,0,0,0,0,0,0,0,0,0,0,0,0,0,0,0,0,0,0,0,0,0,0,0,0,0,0,0,0,0,0,0,0,0,0,0,0,0,0,0,0,0,0,0,0,0,0,0,0,0,0,0,0,0,0,0,0,0,0,0,0,0,0,0,0,0,0,0,0,0,0,0,0,0,0,0,0,0,0,0,0,0,0,0,0,0,0,0,0,0,0,0,0,0,0,0,0,0,0,0,0,0,0,0,0,0,0,0,0,0,0,0,0,0,0,0,0,0,0
20,100,0,2.930638,5.03415,20,100,0,1.634008,4.492803,0,133,2.930638,5.03415,0.01,1,2.910953,5.053835,0.01,1,2.829787,5.135,0.004,6,2.53726,5.135,0.004,6,1.89926,4.497,0.004,6,1.82726,4.497,0.004,6,1.78526,4.455,0.004,6,1.75426,4.455,0.004,6,1.73526,4.436,0.004,6,1.64776,4.436,0.004,6,1.59126,4.4925,0.004,6,1.59226,4.4925,0.004,1,1.592563,4.492803,0.004,1,1.634008,4.492803,0.004,1,0,0,0,0,0,0,0,0,0,0,0,0,0,0,0,0,0,0,0,0,0,0,0,0,0,0,0,0,0,0,0,0,0,0,0,0,0,0,0,0,0,0,0,0,0,0,0,0,0,0,0,0,0,0,0,0,0,0,0,0,0,0,0,0,0,0,0,0,0,0,0,0,0,0,0,0,0,0,0,0,0,0,0,0,0,0,0,0,0,0,0,0,0,0,0,0,0,0,0,0,0,0,0,0,0,0,0,0,0,0,0,0,0,0,0,0,0,0,0,0,0,0,0,0,0,0,0,0,0,0,0,0,0,0,0,0,0,0,0,0,0,0,0,0,0,0,0,0,0,0,0,0
20,100,0,4.770756,5.406488,20,100,0,3.79678,4.916039,0,133,4.770756,5.406488,0.01,1,4.786504,5.422236,0.01,1,4.739268,5.375,0.004,7,4.52026,5.375,0.004,7,4.503756,5.358496,0.004,7,4.471756,5.358496,0.004,7,4.06726,4.954,0.004,7,3.83474,4.954,0.004,7,3.816465,4.935724,0.004,7,3.79678,4.916039,0.01,1,0,0,0,0,0,0,0,0,0,0,0,0,0,0,0,0,0,0,0,0,0,0,0,0,0,0,0,0,0,0,0,0,0,0,0,0,0,0,0,0,0,0,0,0,0,0,0,0,0,0,0,0,0,0,0,0,0,0,0,0,0,0,0,0,0,0,0,0,0,0,0,0,0,0,0,0,0,0,0,0,0,0,0,0,0,0,0,0,0,0,0,0,0,0,0,0,0,0,0,0,0,0,0,0,0,0,0,0,0,0,0,0,0,0,0,0,0,0,0,0,0,0,0,0,0,0,0,0,0,0,0,0,0,0,0,0,0,0,0,0,0,0,0,0,0,0,0,0,0,0,0,0,0,0,0,0,0,0,0,0,0,0,0,0,0,0,0,0
20,100,0,3.19037,5.29152,20,100,0,3.206228,5.03415,0,133,3.19037,5.29152,0.004,1,3.18626,5.287409,0.004,1,3.18626,5.054118,0.008,1,3.206228,5.03415,0.008,1,0,0,0,0,0,0,0,0,0,0,0,0,0,0,0,0,0,0,0,0,0,0,0,0,0,0,0,0,0,0,0,0,0,0,0,0,0,0,0,0,0,0,0,0,0,0,0,0,0,0,0,0,0,0,0,0,0,0,0,0,0,0,0,0,0,0,0,0,0,0,0,0,0,0,0,0,0,0,0,0,0,0,0,0,0,0,0,0,0,0,0,0,0,0,0,0,0,0,0,0,0,0,0,0,0,0,0,0,0,0,0,0,0,0,0,0,0,0,0,0,0,0,0,0,0,0,0,0,0,0,0,0,0,0,0,0,0,0,0,0,0,0,0,0,0,0,0,0,0,0,0,0,0,0,0,0,0,0,0,0,0,0,0,0,0,0,0,0,0,0,0,0,0,0,0,0,0,0,0,0,0,0,0,0,0,0,0,0,0,0,0,0
20,100,0,4.676268,5.500976,20,100,0,3.599929,4.916039,0,133,4.676268,5.500976,0.01,1,4.66052,5.516724,0.01,1,4.644398,5.532846,0.004,7,4.538106,5.532846,0.004,7,4.52226,5.517,0.004,7,4.06226,5.517,0.004,7,3.63926,5.094,0.004,7,3.63926,4.95537,0.004,7,3.619614,4.935724,0.004,7,3.599929,4.916039,0.01,1,0,0,0,0,0,0,0,0,0,0,0,0,0,0,0,0,0,0,0,0,0,0,0,0,0,0,0,0,0,0,0,0,0,0,0,0,0,0,0,0,0,0,0,0,0,0,0,0,0,0,0,0,0,0,0,0,0,0,0,0,0,0,0,0,0,0,0,0,0,0,0,0,0,0,0,0,0,0,0,0,0,0,0,0,0,0,0,0,0,0,0,0,0,0,0,0,0,0,0,0,0,0,0,0,0,0,0,0,0,0,0,0,0,0,0,0,0,0,0,0,0,0,0,0,0,0,0,0,0,0,0,0,0,0,0,0,0,0,0,0,0,0,0,0,0,0,0,0,0,0,0,0,0,0,0,0,0,0,0,0,0,0,0,0,0,0,0,0
20,100,0,6.742536,5.984024,20,100,0,3.521189,4.955409,0,133,6.742536,5.984024,0.004,12,6.742536,6.065276,0.004,12,6.74326,6.066,0.004,12,6.59426,6.215,0.004,10,5.49426,6.215,0.004,10,5.30426,6.025,0.004,10,5.30426,5.029,0.004,10,5.15026,4.875,0.004,10,3.64726,4.875,0.004,10,3.60726,4.915,0.004,10,3.57126,4.915,0.004,10,3.56026,4.926,0.004,10,3.56026,4.955708,0.004,10,3.540874,4.975094,0.004,10,3.521189,4.955409,0.01,1,0,0,0,0,0,0,0,0,0,0,0,0,0,0,0,0,0,0,0,0,0,0,0,0,0,0,0,0,0,0,0,0,0,0,0,0,0,0,0,0,0,0,0,0,0,0,0,0,0,0,0,0,0,0,0,0,0,0,0,0,0,0,0,0,0,0,0,0,0,0,0,0,0,0,0,0,0,0,0,0,0,0,0,0,0,0,0,0,0,0,0,0,0,0,0,0,0,0,0,0,0,0,0,0,0,0,0,0,0,0,0,0,0,0,0,0,0,0,0,0,0,0,0,0,0,0,0,0,0,0,0,0,0,0,0,0,0,0,0,0,0,0,0,0,0,0,0,0
20,100,0,3.284968,5.07352,20,100,0,1.815508,5.516703,0,133,3.284968,5.07352,0.004,1,3.284968,5.122709,0.004,1,3.32026,5.158,0.004,1,3.34726,5.158,0.004,1,3.40926,5.22,0.004,1,3.40926,5.544,0.004,1,3.36026,5.593,0.004,1,2.99926,5.593,0.004,1,2.95426,5.548,0.004,1,1.94526,5.548,0.004,1,1.913963,5.516703,0.004,1,1.815508,5.516703,0.004,1,0,0,0,0,0,0,0,0,0,0,0,0,0,0,0,0,0,0,0,0,0,0,0,0,0,0,0,0,0,0,0,0,0,0,0,0,0,0,0,0,0,0,0,0,0,0,0,0,0,0,0,0,0,0,0,0,0,0,0,0,0,0,0,0,0,0,0,0,0,0,0,0,0,0,0,0,0,0,0,0,0,0,0,0,0,0,0,0,0,0,0,0,0,0,0,0,0,0,0,0,0,0,0,0,0,0,0,0,0,0,0,0,0,0,0,0,0,0,0,0,0,0,0,0,0,0,0,0,0,0,0,0,0,0,0,0,0,0,0,0,0,0,0,0,0,0,0,0,0,0,0,0,0,0,0,0,0,0,0,0
20,100,0,4.707764,5.532472,20,100,0,3.599929,5.07352,0,133,4.707764,5.532472,0.004,1,4.707764,5.557496,0.004,1,4.60926,5.656,0.004,1,4.00226,5.656,0.004,1,3.599929,5.253669,0.004,1,3.599929,5.07352,0.004,1,0,0,0,0,0,0,0,0,0,0,0,0,0,0,0,0,0,0,0,0,0,0,0,0,0,0,0,0,0,0,0,0,0,0,0,0,0,0,0,0,0,0,0,0,0,0,0,0,0,0,0,0,0,0,0,0,0,0,0,0,0,0,0,0,0,0,0,0,0,0,0,0,0,0,0,0,0,0,0,0,0,0,0,0,0,0,0,0,0,0,0,0,0,0,0,0,0,0,0,0,0,0,0,0,0,0,0,0,0,0,0,0,0,0,0,0,0,0,0,0,0,0,0,0,0,0,0,0,0,0,0,0,0,0,0,0,0,0,0,0,0,0,0,0,0,0,0,0,0,0,0,0,0,0,0,0,0,0,0,0,0,0,0,0,0,0,0,0,0,0,0,0,0,0,0,0,0,0,0,0,0,0,0,0
20,100,0,1.634008,4.532203,20,100,0,2.970008,5.03415,0,133,1.634008,4.532203,0.004,1,1.676863,4.532203,0.004,1,1.67726,4.5326,0.004,1,1.69786,4.512,0.004,6,1.78526,4.512,0.004,6,1.82976,4.5565,0.004,6,1.90076,4.5565,0.004,6,2.51226,5.168,0.004,6,2.836157,5.168,0.004,6,2.950323,5.053834,0.004,6,2.970008,5.03415,0.01,1,0,0,0,0,0,0,0,0,0,0,0,0,0,0,0,0,0,0,0,0,0,0,0,0,0,0,0,0,0,0,0,0,0,0,0,0,0,0,0,0,0,0,0,0,0,0,0,0,0,0,0,0,0,0,0,0,0,0,0,0,0,0,0,0,0,0,0,0,0,0,0,0,0,0,0,0,0,0,0,0,0,0,0,0,0,0,0,0,0,0,0,0,0,0,0,0,0,0,0,0,0,0,0,0,0,0,0,0,0,0,0,0,0,0,0,0,0,0,0,0,0,0,0,0,0,0,0,0,0,0,0,0,0,0,0,0,0,0,0,0,0,0,0,0,0,0,0,0,0,0,0,0,0,0,0,0,0,0,0,0,0,0,0,0
20,100,0,3.521189,4.679819,20,100,0,4.620748,5.957,0,133,3.521189,4.679819,0.01,1,3.540874,4.699504,0.01,1,3.56026,4.71889,0.004,6,3.56026,5.08,0.004,6,3.54126,5.099,0.004,6,3.54126,5.131,0.004,6,4.36826,5.958,0.004,6,4.67726,5.958,0.004,6,4.621748,5.958,0.004,1,4.620748,5.957,0.004,1,0,0,0,0,0,0,0,0,0,0,0,0,0,0,0,0,0,0,0,0,0,0,0,0,0,0,0,0,0,0,0,0,0,0,0,0,0,0,0,0,0,0,0,0,0,0,0,0,0,0,0,0,0,0,0,0,0,0,0,0,0,0,0,0,0,0,0,0,0,0,0,0,0,0,0,0,0,0,0,0,0,0,0,0,0,0,0,0,0,0,0,0,0,0,0,0,0,0,0,0,0,0,0,0,0,0,0,0,0,0,0,0,0,0,0,0,0,0,0,0,0,0,0,0,0,0,0,0,0,0,0,0,0,0,0,0,0,0,0,0,0,0,0,0,0,0,0,0,0,0,0,0,0,0,0,0,0,0,0,0,0,0,0,0,0,0,0,0
20,100,0,2.891268,4.837299,20,100,0,1.815508,3.587104,0,133,2.891268,4.837299,0.01,1,2.871583,4.856984,0.01,1,2.853599,4.839,0.004,6,2.72926,4.839,0.004,6,2.58526,4.695,0.004,6,2.58526,4.258,0.004,6,1.92326,3.596,0.004,6,1.77246,3.596,0.004,6,1.76326,3.5868,0.004,6,1.762956,3.587104,0.004,1,1.815508,3.587104,0.004,1,0,0,0,0,0,0,0,0,0,0,0,0,0,0,0,0,0,0,0,0,0,0,0,0,0,0,0,0,0,0,0,0,0,0,0,0,0,0,0,0,0,0,0,0,0,0,0,0,0,0,0,0,0,0,0,0,0,0,0,0,0,0,0,0,0,0,0,0,0,0,0,0,0,0,0,0,0,0,0,0,0,0,0,0,0,0,0,0,0,0,0,0,0,0,0,0,0,0,0,0,0,0,0,0,0,0,0,0,0,0,0,0,0,0,0,0,0,0,0,0,0,0,0,0,0,0,0,0,0,0,0,0,0,0,0,0,0,0,0,0,0,0,0,0,0,0,0,0,0,0,0,0,0,0,0,0,0,0,0,0,0,0,0,0
20,100,0,3.009378,4.876669,20,100,0,1.815508,3.764403,0,133,3.009378,4.876669,0.01,1,2.989693,4.896354,0.01,1,2.969339,4.876,0.004,12,2.70226,4.876,0.004,12,2.61926,4.793,0.004,12,2.61926,4.564,0.004,12,1.89026,3.835,0.004,12,1.83416,3.835,0.004,12,1.76326,3.7641,0.004,12,1.762956,3.764403,0.004,1,1.815508,3.764403,0.004,1,0,0,0,0,0,0,0,0,0,0,0,0,0,0,0,0,0,0,0,0,0,0,0,0,0,0,0,0,0,0,0,0,0,0,0,0,0,0,0,0,0,0,0,0,0,0,0,0,0,0,0,0,0,0,0,0,0,0,0,0,0,0,0,0,0,0,0,0,0,0,0,0,0,0,0,0,0,0,0,0,0,0,0,0,0,0,0,0,0,0,0,0,0,0,0,0,0,0,0,0,0,0,0,0,0,0,0,0,0,0,0,0,0,0,0,0,0,0,0,0,0,0,0,0,0,0,0,0,0,0,0,0,0,0,0,0,0,0,0,0,0,0,0,0,0,0,0,0,0,0,0,0,0,0,0,0,0,0,0,0,0,0,0,0
20,100,0,1.634008,3.449204,20,100,0,3.048748,4.404228,0,133,1.634008,3.449204,0.004,1,1.604508,3.449204,0.004,1,1.598658,3.455053,0.004,1,1.59226,3.455053,0.004,1,1.59126,3.454053,0.004,1,1.59126,3.448053,0.004,1,1.59826,3.455053,0.004,10,1.626893,3.455053,0.004,10,1.696946,3.385,0.004,10,1.86226,3.385,0.004,10,2.68726,4.21,0.004,10,2.68726,4.272,0.004,10,2.71826,4.303,0.004,10,2.725557,4.310297,0.004,10,2.726264,4.310297,0.004,10,2.731214,4.310297,0.004,10,2.736164,4.315247,0.004,10,2.736164,4.320197,0.004,10,2.736164,4.320904,0.004,10,2.74076,4.3255,0.004,10,2.74135,4.32609,0.004,10,2.743471,4.32609,0.004,10,2.748421,4.32609,0.004,10,2.753371,4.33104,0.004,10,2.753371,4.33599,0.004,10,2.753371,4.338111,0.004,10,2.75726,4.342,0.004,10,2.758551,4.343291,0.004,10,2.760672,4.343291,0.004,10,2.765622,4.343291,0.004,10,2.770572,4.348241,0.004,10,2.770572,4.353191,0.004,10,2.770572,4.355312,0.004,10,2.77835,4.36309,0.004,10,2.780471,4.36309,0.004,10,2.785421,4.36309,0.004,10,2.790371,4.36804,0.004,10,2.790371,4.37299,0.004,10,2.790371,4.375111,0.004,10,2.79426,4.379,0.004,10,2.81526,4.4,0.004,10,3.04026,4.4,0.004,10,3.04326,4.397,0.004,10,3.04326,4.388,0.004,10,3.039803,4.384543,0.004,10,3.029063,4.384543,0.004,10,3.048748,4.404228,0.01,1,0,0,0,0,0,0,0,0,0,0,0,0,0,0,0,0,0,0,0,0
20,100,0,2.321024,5.859614,20,100,0,2.321024,5.834024,0,133,2.321024,5.859614,0.008,1,2.263646,5.859614,0.008,1,2.24926,5.874,0.008,1,2.23126,5.874,0.008,1,2.23126,5.819,0.008,1,2.23126,5.819,0.008,1,2.25126,5.819,0.01,1,2.266283,5.834024,0.01,1,2.321024,5.834024,0.01,1,0,0,0,0,0,0,0,0,0,0,0,0,0,0,0,0,0,0,0,0,0,0,0,0,0,0,0,0,0,0,0,0,0,0,0,0,0,0,0,0,0,0,0,0,0,0,0,0,0,0,0,0,0,0,0,0,0,0,0,0,0,0,0,0,0,0,0,0,0,0,0,0,0,0,0,0,0,0,0,0,0,0,0,0,0,0,0,0,0,0,0,0,0,0,0,0,0,0,0,0,0,0,0,0,0,0,0,0,0,0,0,0,0,0,0,0,0,0,0,0,0,0,0,0,0,0,0,0,0,0,0,0,0,0,0,0,0,0,0,0,0,0,0,0,0,0,0,0,0,0,0,0,0,0,0,0,0,0,0,0,0,0,0,0,0,0,0,0,0,0,-1,0
20,100,0,4.686,4.295488,20,100,0,4.717496,4.295488,0,133,4.686,4.295488,0.01,1,4.670252,4.311236,0.01,1,4.670252,4.397008,0.004,1,4.65926,4.408,0.004,1,4.65926,4.472409,0.004,1,4.65926,4.515,0.004,1,4.65926,4.515,0.004,1,4.65926,4.561409,0.01,1,4.67926,4.541409,0.01,12,4.67926,4.516591,0.01,12,4.67926,4.476,0.01,12,4.67926,4.476,0.01,12,4.67926,4.412,0.01,12,4.699496,4.391764,0.01,12,4.699496,4.313488,0.01,12,4.701748,4.311236,0.01,12,4.717496,4.295488,0.01,1,0,0,0,0,0,0,0,0,0,0,0,0,0,0,0,0,0,0,0,0,0,0,0,0,0,0,0,0,0,0,0,0,0,0,0,0,0,0,0,0,0,0,0,0,0,0,0,0,0,0,0,0,0,0,0,0,0,0,0,0,0,0,0,0,0,0,0,0,0,0,0,0,0,0,0,0,0,0,0,0,0,0,0,0,0,0,0,0,0,0,0,0,0,0,0,0,0,0,0,0,0,0,0,0,0,0,0,0,0,0,0,0,0,0,0,0,0,0,0,0,0,0,0,0,0,0,0,0,0,0,0,0,0,0,0,0,0,0,-1,0
20,100,0,5.316953,5.386315,20,100,0,5.36026,5.386315,0,133,5.316953,5.386315,0.004,1,5.327417,5.386315,0.004,1,5.33326,5.380472,0.004,1,5.343953,5.380472,0.004,1,5.349795,5.386315,0.004,1,5.36026,5.386315,0.004,1,0,0,0,0,0,0,0,0,0,0,0,0,0,0,0,0,0,0,0,0,0,0,0,0,0,0,0,0,0,0,0,0,0,0,0,0,0,0,0,0,0,0,0,0,0,0,0,0,0,0,0,0,0,0,0,0,0,0,0,0,0,0,0,0,0,0,0,0,0,0,0,0,0,0,0,0,0,0,0,0,0,0,0,0,0,0,0,0,0,0,0,0,0,0,0,0,0,0,0,0,0,0,0,0,0,0,0,0,0,0,0,0,0,0,0,0,0,0,0,0,0,0,0,0,0,0,0,0,0,0,0,0,0,0,0,0,0,0,0,0,0,0,0,0,0,0,0,0,0,0,0,0,0,0,0,0,0,0,0,0,0,0,0,0,0,0,0,0,0,0,0,0,0,0,0,0,0,0,0,0,0,0,0,0
20,100,0,5.316953,5.386315,20,100,0,4.833748,5.406488,0,133,5.316953,5.386315,0.004,1,5.306488,5.386315,0.004,1,5.301173,5.381,0.004,1,5.240574,5.381,0.004,1,5.207578,5.413996,0.004,1,5.099846,5.413996,0.004,1,5.07785,5.435992,0.004,1,5.03526,5.435992,0.004,1,5.03526,5.435992,0.004,1,5.013264,5.413996,0.004,1,4.933516,5.413996,0.004,1,4.91426,5.39474,0.004,1,4.854638,5.39474,0.004,1,4.84289,5.406488,0.004,1,4.833748,5.406488,0.004,1,0,0,0,0,0,0,0,0,0,0,0,0,0,0,0,0,0,0,0,0,0,0,0,0,0,0,0,0,0,0,0,0,0,0,0,0,0,0,0,0,0,0,0,0,0,0,0,0,0,0,0,0,0,0,0,0,0,0,0,0,0,0,0,0,0,0,0,0,0,0,0,0,0,0,0,0,0,0,0,0,0,0,0,0,0,0,0,0,0,0,0,0,0,0,0,0,0,0,0,0,0,0,0,0,0,0,0,0,0,0,0,0,0,0,0,0,0,0,0,0,0,0,0,0,0,0,0,0,0,0,0,0,0,0,0,0,0,0,0,0,0,0,0,0,0,0,0,0
20,100,0,2.851898,4.955409,20,100,0,1.815508,4.788303,0,133,2.851898,4.955409,0.004,1,2.204669,4.955409,0.004,1,2.037563,4.788303,0.004,1,1.815508,4.788303,0.004,1,0,0,0,0,0,0,0,0,0,0,0,0,0,0,0,0,0,0,0,0,0,0,0,0,0,0,0,0,0,0,0,0,0,0,0,0,0,0,0,0,0,0,0,0,0,0,0,0,0,0,0,0,0,0,0,0,0,0,0,0,0,0,0,0,0,0,0,0,0,0,0,0,0,0,0,0,0,0,0,0,0,0,0,0,0,0,0,0,0,0,0,0,0,0,0,0,0,0,0,0,0,0,0,0,0,0,0,0,0,0,0,0,0,0,0,0,0,0,0,0,0,0,0,0,0,0,0,0,0,0,0,0,0,0,0,0,0,0,0,0,0,0,0,0,0,0,0,0,0,0,0,0,0,0,0,0,0,0,0,0,0,0,0,0,0,0,0,0,0,0,0,0,0,0,0,0,0,0,0,0,0,0,0,0,0,0,0,0,0,0,0,0
20,100,0,3.521189,4.837299,20,100,0,6.348835,5.984024,0,133,3.521189,4.837299,0.01,1,3.540874,4.856984,0.01,1,3.55989,4.876,0.004,7,4.77626,4.876,0.004,7,5.04426,5.144,0.004,7,5.04426,5.786,0.004,7,5.15926,5.901,0.004,7,5.28226,5.901,0.004,7,5.53726,6.156,0.004,7,6.29526,6.156,0.004,7,6.34926,6.102,0.004,7,6.34926,6.066,0.004,7,6.348835,6.065575,0.004,12,6.348835,5.984024,0.004,12,0,0,0,0,0,0,0,0,0,0,0,0,0,0,0,0,0,0,0,0,0,0,0,0,0,0,0,0,0,0,0,0,0,0,0,0,0,0,0,0,0,0,0,0,0,0,0,0,0,0,0,0,0,0,0,0,0,0,0,0,0,0,0,0,0,0,0,0,0,0,0,0,0,0,0,0,0,0,0,0,0,0,0,0,0,0,0,0,0,0,0,0,0,0,0,0,0,0,0,0,0,0,0,0,0,0,0,0,0,0,0,0,0,0,0,0,0,0,0,0,0,0,0,0,0,0,0,0,0,0,0,0,0,0,0,0,0,0,0,0,0,0,0,0,0,0,0,0,0,0,0,0
20,100,0,3.442449,4.916039,20,100,0,6.781906,5.984024,0,133,3.442449,4.916039,0.01,1,3.462134,4.935724,0.01,1,3.44226,4.955598,0.004,7,3.44226,5.07,0.004,7,3.42426,5.088,0.004,7,3.42426,5.289,0.004,7,4.35226,6.217,0.004,7,6.63126,6.217,0.004,7,6.78226,6.066,0.004,7,6.781906,6.065646,0.004,12,6.781906,5.984024,0.004,12,0,0,0,0,0,0,0,0,0,0,0,0,0,0,0,0,0,0,0,0,0,0,0,0,0,0,0,0,0,0,0,0,0,0,0,0,0,0,0,0,0,0,0,0,0,0,0,0,0,0,0,0,0,0,0,0,0,0,0,0,0,0,0,0,0,0,0,0,0,0,0,0,0,0,0,0,0,0,0,0,0,0,0,0,0,0,0,0,0,0,0,0,0,0,0,0,0,0,0,0,0,0,0,0,0,0,0,0,0,0,0,0,0,0,0,0,0,0,0,0,0,0,0,0,0,0,0,0,0,0,0,0,0,0,0,0,0,0,0,0,0,0,0,0,0,0,0,0,0,0,0,0,0,0,0,0,0,0,0,0,0,0,0,0
20,100,0,1.815508,4.650404,20,100,0,2.541496,5.731661,0,133,1.815508,4.650404,0.004,1,1.869863,4.650404,0.004,1,1.869863,4.905604,0.004,12,2.40326,5.439,0.004,12,2.40326,5.542,0.004,12,2.59126,5.73,0.004,12,2.543157,5.73,0.004,1,2.541496,5.731661,0.004,1,0,0,0,0,0,0,0,0,0,0,0,0,0,0,0,0,0,0,0,0,0,0,0,0,0,0,0,0,0,0,0,0,0,0,0,0,0,0,0,0,0,0,0,0,0,0,0,0,0,0,0,0,0,0,0,0,0,0,0,0,0,0,0,0,0,0,0,0,0,0,0,0,0,0,0,0,0,0,0,0,0,0,0,0,0,0,0,0,0,0,0,0,0,0,0,0,0,0,0,0,0,0,0,0,0,0,0,0,0,0,0,0,0,0,0,0,0,0,0,0,0,0,0,0,0,0,0,0,0,0,0,0,0,0,0,0,0,0,0,0,0,0,0,0,0,0,0,0,0,0,0,0,0,0,0,0,0,0,0,0,0,0,0,0,0,0,0,0,0,0,0,0,0,0,0,0
20,100,0,3.678669,4.286118,20,100,0,4.434031,4.106512,0,133,3.678669,4.286118,0.01,1,3.698354,4.266433,0.01,1,3.71726,4.247528,0.004,6,3.71726,4.097,0.004,6,3.76826,4.046,0.004,6,4.32726,4.046,0.004,6,4.35226,4.071,0.004,6,4.39852,4.071,0.004,6,4.418283,4.090764,0.004,6,4.434031,4.106512,0.01,1,0,0,0,0,0,0,0,0,0,0,0,0,0,0,0,0,0,0,0,0,0,0,0,0,0,0,0,0,0,0,0,0,0,0,0,0,0,0,0,0,0,0,0,0,0,0,0,0,0,0,0,0,0,0,0,0,0,0,0,0,0,0,0,0,0,0,0,0,0,0,0,0,0,0,0,0,0,0,0,0,0,0,0,0,0,0,0,0,0,0,0,0,0,0,0,0,0,0,0,0,0,0,0,0,0,0,0,0,0,0,0,0,0,0,0,0,0,0,0,0,0,0,0,0,0,0,0,0,0,0,0,0,0,0,0,0,0,0,0,0,0,0,0,0,0,0,0,0,0,0,0,0,0,0,0,0,0,0,0,0,0,0,0,0,0,0,0,0
20,100,0,1.634008,4.354904,20,100,0,2.891268,4.955409,0,133,1.634008,4.354904,0.004,1,1.676863,4.354904,0.004,1,1.67726,4.3553,0.004,1,1.696972,4.3553,0.004,6,1.715118,4.337154,0.004,6,2.013413,4.337154,0.004,6,2.651354,4.975094,0.004,6,2.871583,4.975094,0.004,6,2.891268,4.955409,0.01,1,0,0,0,0,0,0,0,0,0,0,0,0,0,0,0,0,0,0,0,0,0,0,0,0,0,0,0,0,0,0,0,0,0,0,0,0,0,0,0,0,0,0,0,0,0,0,0,0,0,0,0,0,0,0,0,0,0,0,0,0,0,0,0,0,0,0,0,0,0,0,0,0,0,0,0,0,0,0,0,0,0,0,0,0,0,0,0,0,0,0,0,0,0,0,0,0,0,0,0,0,0,0,0,0,0,0,0,0,0,0,0,0,0,0,0,0,0,0,0,0,0,0,0,0,0,0,0,0,0,0,0,0,0,0,0,0,0,0,0,0,0,0,0,0,0,0,0,0,0,0,0,0,0,0,0,0,0,0,0,0,0,0,0,0,0,0,0,0,0,0,0,0
20,100,0,3.009378,4.797929,20,100,0,1.815508,3.468903,0,133,3.009378,4.797929,0.01,1,2.989693,4.817614,0.01,1,2.970079,4.798,0.004,6,2.77926,4.798,0.004,6,2.67026,4.689,0.004,6,2.67026,4.229,0.004,6,1.92026,3.479,0.004,6,1.77366,3.479,0.004,6,1.76326,3.4686,0.004,6,1.762956,3.468903,0.004,1,1.815508,3.468903,0.004,1,0,0,0,0,0,0,0,0,0,0,0,0,0,0,0,0,0,0,0,0,0,0,0,0,0,0,0,0,0,0,0,0,0,0,0,0,0,0,0,0,0,0,0,0,0,0,0,0,0,0,0,0,0,0,0,0,0,0,0,0,0,0,0,0,0,0,0,0,0,0,0,0,0,0,0,0,0,0,0,0,0,0,0,0,0,0,0,0,0,0,0,0,0,0,0,0,0,0,0,0,0,0,0,0,0,0,0,0,0,0,0,0,0,0,0,0,0,0,0,0,0,0,0,0,0,0,0,0,0,0,0,0,0,0,0,0,0,0,0,0,0,0,0,0,0,0,0,0,0,0,0,0,0,0,0,0,0,0,0,0,0,0,0,0
20,100,0,2.851898,5.07352,20,100,0,1.815508,5.043904,0,133,2.851898,5.07352,0.004,1,2.21278,5.07352,0.004,1,2.183163,5.043904,0.004,1,1.815508,5.043904,0.004,1,0,0,0,0,0,0,0,0,0,0,0,0,0,0,0,0,0,0,0,0,0,0,0,0,0,0,0,0,0,0,0,0,0,0,0,0,0,0,0,0,0,0,0,0,0,0,0,0,0,0,0,0,0,0,0,0,0,0,0,0,0,0,0,0,0,0,0,0,0,0,0,0,0,0,0,0,0,0,0,0,0,0,0,0,0,0,0,0,0,0,0,0,0,0,0,0,0,0,0,0,0,0,0,0,0,0,0,0,0,0,0,0,0,0,0,0,0,0,0,0,0,0,0,0,0,0,0,0,0,0,0,0,0,0,0,0,0,0,0,0,0,0,0,0,0,0,0,0,0,0,0,0,0,0,0,0,0,0,0,0,0,0,0,0,0,0,0,0,0,0,0,0,0,0,0,0,0,0,0,0,0,0,0,0,0,0,0,0,0,0,0,0
20,100,0,2.776488,3.388157,20,100,0,3.166858,4.758559,0,133,2.776488,3.388157,0.004,1,2.776331,3.388,0.004,1,2.73426,3.388,0.004,1,3.02926,3.388,0.004,10,3.12726,3.486,0.004,10,3.12726,4.758331,0.004,10,3.147173,4.778244,0.004,10,3.166858,4.758559,0.01,1,0,0,0,0,0,0,0,0,0,0,0,0,0,0,0,0,0,0,0,0,0,0,0,0,0,0,0,0,0,0,0,0,0,0,0,0,0,0,0,0,0,0,0,0,0,0,0,0,0,0,0,0,0,0,0,0,0,0,0,0,0,0,0,0,0,0,0,0,0,0,0,0,0,0,0,0,0,0,0,0,0,0,0,0,0,0,0,0,0,0,0,0,0,0,0,0,0,0,0,0,0,0,0,0,0,0,0,0,0,0,0,0,0,0,0,0,0,0,0,0,0,0,0,0,0,0,0,0,0,0,0,0,0,0,0,0,0,0,0,0,0,0,0,0,0,0,0,0,0,0,0,0,0,0,0,0,0,0,0,0,0,0,0,0,0,0,0,0,0,0,0,0,0,0,0,0
20,100,0,2.891268,5.07352,20,100,0,1.815508,5.083303,0,133,2.891268,5.07352,0.004,1,2.855787,5.109,0.004,1,2.14826,5.109,0.004,1,2.122563,5.083303,0.004,1,1.815508,5.083303,0.004,1,0,0,0,0,0,0,0,0,0,0,0,0,0,0,0,0,0,0,0,0,0,0,0,0,0,0,0,0,0,0,0,0,0,0,0,0,0,0,0,0,0,0,0,0,0,0,0,0,0,0,0,0,0,0,0,0,0,0,0,0,0,0,0,0,0,0,0,0,0,0,0,0,0,0,0,0,0,0,0,0,0,0,0,0,0,0,0,0,0,0,0,0,0,0,0,0,0,0,0,0,0,0,0,0,0,0,0,0,0,0,0,0,0,0,0,0,0,0,0,0,0,0,0,0,0,0,0,0,0,0,0,0,0,0,0,0,0,0,0,0,0,0,0,0,0,0,0,0,0,0,0,0,0,0,0,0,0,0,0,0,0,0,0,0,0,0,0,0,0,0,0,0,0,0,0,0,0,0,0,0,0,0,0,0,0,0,0,0
20,100,0,5.316953,5.425685,20,100,0,4.833748,5.437984,0,133,5.316953,5.425685,0.004,1,5.306488,5.425685,0.004,1,5.300173,5.432,0.004,1,5.24126,5.432,0.004,1,5.19126,5.482,0.004,1,4.931574,5.482,0.004,1,4.899306,5.449732,0.004,1,4.854638,5.449732,0.004,1,4.84289,5.437984,0.004,1,4.833748,5.437984,0.004,1,0,0,0,0,0,0,0,0,0,0,0,0,0,0,0,0,0,0,0,0,0,0,0,0,0,0,0,0,0,0,0,0,0,0,0,0,0,0,0,0,0,0,0,0,0,0,0,0,0,0,0,0,0,0,0,0,0,0,0,0,0,0,0,0,0,0,0,0,0,0,0,0,0,0,0,0,0,0,0,0,0,0,0,0,0,0,0,0,0,0,0,0,0,0,0,0,0,0,0,0,0,0,0,0,0,0,0,0,0,0,0,0,0,0,0,0,0,0,0,0,0,0,0,0,0,0,0,0,0,0,0,0,0,0,0,0,0,0,0,0,0,0,0,0,0,0,0,0,0,0,0,0,0,0,0,0,0,0,0,0,0,0,0,0,0,0,0,0
20,100,0,8.09852,5.276465,20,100,0,5.36026,5.36663,0,133,8.09852,5.276465,0.004,3,8.068071,5.306913,0.004,3,6.444033,5.306913,0.004,3,6.379316,5.37163,0.004,3,5.40026,5.37163,0.004,3,5.39326,5.36463,0.004,3,5.38626,5.37163,0.004,1,5.37526,5.37163,0.004,1,5.37026,5.36663,0.004,1,5.36026,5.36663,0.004,1,0,0,0,0,0,0,0,0,0,0,0,0,0,0,0,0,0,0,0,0,0,0,0,0,0,0,0,0,0,0,0,0,0,0,0,0,0,0,0,0,0,0,0,0,0,0,0,0,0,0,0,0,0,0,0,0,0,0,0,0,0,0,0,0,0,0,0,0,0,0,0,0,0,0,0,0,0,0,0,0,0,0,0,0,0,0,0,0,0,0,0,0,0,0,0,0,0,0,0,0,0,0,0,0,0,0,0,0,0,0,0,0,0,0,0,0,0,0,0,0,0,0,0,0,0,0,0,0,0,0,0,0,0,0,0,0,0,0,0,0,0,0,0,0,0,0,0,0,0,0,0,0,0,0,0,0,0,0,0,0,0,0,0,0,0,0,0,0
20,100,0,8.09852,5.276465,20,100,0,5.316953,5.36663,0,133,8.09852,5.276465,0.004,3,8.068071,5.306913,0.004,3,6.444033,5.306913,0.004,3,6.379316,5.37163,0.004,3,5.40026,5.37163,0.004,3,5.39326,5.36463,0.004,3,5.38626,5.37163,0.004,1,5.37526,5.37163,0.004,1,5.37026,5.36663,0.004,1,5.36026,5.36663,0.004,1,5.349795,5.36663,0.004,1,5.343953,5.372472,0.004,1,5.33326,5.372472,0.004,1,5.327417,5.36663,0.004,1,5.316953,5.36663,0.004,1,0,0,0,0,0,0,0,0,0,0,0,0,0,0,0,0,0,0,0,0,0,0,0,0,0,0,0,0,0,0,0,0,0,0,0,0,0,0,0,0,0,0,0,0,0,0,0,0,0,0,0,0,0,0,0,0,0,0,0,0,0,0,0,0,0,0,0,0,0,0,0,0,0,0,0,0,0,0,0,0,0,0,0,0,0,0,0,0,0,0,0,0,0,0,0,0,0,0,0,0,0,0,0,0,0,0,0,0,0,0,0,0,0,0,0,0,0,0,0,0,0,0,0,0,0,0,0,0,0,0,0,0,0,0,0,0,0,0,0,0,0,0,0,0,0,0,0,0
20,100,0,8.09852,5.276465,20,100,0,4.833748,5.374992,0,133,8.09852,5.276465,0.004,3,8.068071,5.306913,0.004,3,6.444033,5.306913,0.004,3,6.379316,5.37163,0.004,3,5.40026,5.37163,0.004,3,5.39326,5.36463,0.004,3,5.38626,5.37163,0.004,1,5.37526,5.37163,0.004,1,5.37026,5.36663,0.004,1,5.36026,5.36663,0.004,1,5.349795,5.36663,0.004,1,5.343953,5.372472,0.004,1,5.33326,5.372472,0.004,1,5.327417,5.36663,0.004,1,5.316953,5.36663,0.004,1,5.306488,5.36663,0.004,1,5.300118,5.373,0.004,1,5.23726,5.373,0.004,1,5.204264,5.405996,0.004,1,5.099846,5.405996,0.004,1,5.07785,5.384,0.004,1,5.03526,5.384,0.004,1,5.03526,5.384,0.004,1,5.013264,5.405996,0.004,1,4.936829,5.405996,0.004,1,4.917574,5.38674,0.004,1,4.854638,5.38674,0.004,1,4.84289,5.374992,0.004,1,4.833748,5.374992,0.004,1,0,0,0,0,0,0,0,0,0,0,0,0,0,0,0,0,0,0,0,0,0,0,0,0,0,0,0,0,0,0,0,0,0,0,0,0,0,0,0,0,0,0,0,0,0,0,0,0,0,0,0,0,0,0,0,0,0,0,0,0,0,0,0,0,0,0,0,0,0,0,0,0,0,0,0,0,0,0,0,0,0,0,0,0,0,0,0,0,0,0,0,0
20,100,0,3.009378,5.03415,20,100,0,1.634008,4.591303,0,133,3.009378,5.03415,0.01,1,2.989693,5.053834,0.01,1,2.989693,5.093567,0.004,6,2.88226,5.201,0.004,6,2.49026,5.201,0.004,6,1.90026,4.611,0.004,6,1.82026,4.611,0.004,6,1.78126,4.572,0.004,6,1.69696,4.572,0.004,6,1.67726,4.5917,0.004,6,1.676863,4.591303,0.004,1,1.634008,4.591303,0.004,1,0,0,0,0,0,0,0,0,0,0,0,0,0,0,0,0,0,0,0,0,0,0,0,0,0,0,0,0,0,0,0,0,0,0,0,0,0,0,0,0,0,0,0,0,0,0,0,0,0,0,0,0,0,0,0,0,0,0,0,0,0,0,0,0,0,0,0,0,0,0,0,0,0,0,0,0,0,0,0,0,0,0,0,0,0,0,0,0,0,0,0,0,0,0,0,0,0,0,0,0,0,0,0,0,0,0,0,0,0,0,0,0,0,0,0,0,0,0,0,0,0,0,0,0,0,0,0,0,0,0,0,0,0,0,0,0,0,0,0,0,0,0,0,0,0,0,0,0,0,0,0,0,0,0,0,0,0,0,0,0
20,100,0,3.468378,5.959,20,100,0,3.481819,4.640449,0,133,3.468378,5.959,0.004,1,3.53326,5.959,0.004,1,3.53326,5.895,0.004,6,3.38426,5.746,0.004,6,3.38426,5.086,0.004,6,3.40326,5.067,0.004,6,3.40326,4.654,0.004,6,3.42026,4.637,0.004,6,3.47837,4.637,0.004,6,3.501504,4.660134,0.004,6,3.481819,4.640449,0.01,1,0,0,0,0,0,0,0,0,0,0,0,0,0,0,0,0,0,0,0,0,0,0,0,0,0,0,0,0,0,0,0,0,0,0,0,0,0,0,0,0,0,0,0,0,0,0,0,0,0,0,0,0,0,0,0,0,0,0,0,0,0,0,0,0,0,0,0,0,0,0,0,0,0,0,0,0,0,0,0,0,0,0,0,0,0,0,0,0,0,0,0,0,0,0,0,0,0,0,0,0,0,0,0,0,0,0,0,0,0,0,0,0,0,0,0,0,0,0,0,0,0,0,0,0,0,0,0,0,0,0,0,0,0,0,0,0,0,0,0,0,0,0,0,0,0,0,0,0,0,0,0,0,0,0,0,0,0,0,0,0,0,0,-1,0
20,100,0,2.35826,3.415,20,100,0,2.35826,3.580354,0,133,2.35826,3.415,0.02,1,2.35826,3.580354,0.02,1,0,0,0,0,0,0,0,0,0,0,0,0,0,0,0,0,0,0,0,0,0,0,0,0,0,0,0,0,0,0,0,0,0,0,0,0,0,0,0,0,0,0,0,0,0,0,0,0,0,0,0,0,0,0,0,0,0,0,0,0,0,0,0,0,0,0,0,0,0,0,0,0,0,0,0,0,0,0,0,0,0,0,0,0,0,0,0,0,0,0,0,0,0,0,0,0,0,0,0,0,0,0,0,0,0,0,0,0,0,0,0,0,0,0,0,0,0,0,0,0,0,0,0,0,0,0,0,0,0,0,0,0,0,0,0,0,0,0,0,0,0,0,0,0,0,0,0,0,0,0,0,0,0,0,0,0,0,0,0,0,0,0,0,0,0,0,0,0,0,0,0,0,0,0,0,0,0,0,0,0,0,0,0,0,0,0,0,0,0,0,0,0,0,0,0,0,0,0,0,0
20,100,0,4.84348,4.295488,20,100,0,3.757409,4.128638,0,133,4.84348,4.295488,0.01,1,4.827732,4.311236,0.01,1,4.79626,4.342708,0.004,10,4.79626,4.371,0.004,10,4.74226,4.425,0.004,10,4.16426,4.425,0.004,10,4.02526,4.286,0.004,10,3.80526,4.286,0.004,10,3.79626,4.277,0.004,10,3.79626,4.128118,0.004,10,3.777094,4.108953,0.004,10,3.757409,4.128638,0.01,1,0,0,0,0,0,0,0,0,0,0,0,0,0,0,0,0,0,0,0,0,0,0,0,0,0,0,0,0,0,0,0,0,0,0,0,0,0,0,0,0,0,0,0,0,0,0,0,0,0,0,0,0,0,0,0,0,0,0,0,0,0,0,0,0,0,0,0,0,0,0,0,0,0,0,0,0,0,0,0,0,0,0,0,0,0,0,0,0,0,0,0,0,0,0,0,0,0,0,0,0,0,0,0,0,0,0,0,0,0,0,0,0,0,0,0,0,0,0,0,0,0,0,0,0,0,0,0,0,0,0,0,0,0,0,0,0,0,0,0,0,0,0,0,0,0,0,0,0,0,0,0,0,0,0,0,0,0,0,-1,0
20,100,0,6.860646,5.984024,20,100,0,3.481819,4.876669,0,133,6.860646,5.984024,0.004,12,6.85926,5.98541,0.004,12,6.85926,6.066,0.004,12,6.85926,6.101,0.004,3,6.74526,6.215,0.004,3,4.06326,6.215,0.004,3,3.82126,5.973,0.004,3,3.82126,5.724,0.004,3,3.78326,5.686,0.004,3,3.75126,5.686,0.004,3,3.48326,5.418,0.004,3,3.48326,4.914598,0.004,3,3.501504,4.896354,0.004,3,3.481819,4.876669,0.01,1,0,0,0,0,0,0,0,0,0,0,0,0,0,0,0,0,0,0,0,0,0,0,0,0,0,0,0,0,0,0,0,0,0,0,0,0,0,0,0,0,0,0,0,0,0,0,0,0,0,0,0,0,0,0,0,0,0,0,0,0,0,0,0,0,0,0,0,0,0,0,0,0,0,0,0,0,0,0,0,0,0,0,0,0,0,0,0,0,0,0,0,0,0,0,0,0,0,0,0,0,0,0,0,0,0,0,0,0,0,0,0,0,0,0,0,0,0,0,0,0,0,0,0,0,0,0,0,0,0,0,0,0,0,0,0,0,0,0,0,0,0,0,0,0,0,0,0,0,0,0,0,0
20,100,0,2.902472,3.321228,20,100,0,3.206228,4.719189,0,133,2.902472,3.321228,0.004,1,2.924032,3.321228,0.004,1,2.97126,3.274,0.004,1,2.93726,3.308,0.004,6,2.93726,3.523,0.004,6,2.96926,3.555,0.004,6,2.96926,3.688,0.004,6,2.79626,3.861,0.004,6,2.79626,4.316,0.004,6,2.84526,4.365,0.004,6,3.15526,4.365,0.004,6,3.16826,4.378,0.004,6,3.16826,4.720591,0.004,6,3.186543,4.738874,0.004,6,3.206228,4.719189,0.01,1,0,0,0,0,0,0,0,0,0,0,0,0,0,0,0,0,0,0,0,0,0,0,0,0,0,0,0,0,0,0,0,0,0,0,0,0,0,0,0,0,0,0,0,0,0,0,0,0,0,0,0,0,0,0,0,0,0,0,0,0,0,0,0,0,0,0,0,0,0,0,0,0,0,0,0,0,0,0,0,0,0,0,0,0,0,0,0,0,0,0,0,0,0,0,0,0,0,0,0,0,0,0,0,0,0,0,0,0,0,0,0,0,0,0,0,0,0,0,0,0,0,0,0,0,0,0,0,0,0,0,0,0,0,0,0,0,0,0,0,0,0,0,0,0,0,0,-1,0
20,100,0,4.620748,6.057,20,100,0,3.560559,4.916039,0,133,4.620748,6.057,0.004,1,4.621748,6.058,0.004,1,4.67726,6.058,0.004,1,4.44626,6.058,0.004,7,3.60026,5.212,0.004,7,3.60026,4.95574,0.004,7,3.580244,4.935724,0.004,7,3.560559,4.916039,0.01,1,0,0,0,0,0,0,0,0,0,0,0,0,0,0,0,0,0,0,0,0,0,0,0,0,0,0,0,0,0,0,0,0,0,0,0,0,0,0,0,0,0,0,0,0,0,0,0,0,0,0,0,0,0,0,0,0,0,0,0,0,0,0,0,0,0,0,0,0,0,0,0,0,0,0,0,0,0,0,0,0,0,0,0,0,0,0,0,0,0,0,0,0,0,0,0,0,0,0,0,0,0,0,0,0,0,0,0,0,0,0,0,0,0,0,0,0,0,0,0,0,0,0,0,0,0,0,0,0,0,0,0,0,0,0,0,0,0,0,0,0,0,0,0,0,0,0,0,0,0,0,0,0,0,0,0,0,0,0,0,0,0,0,0,0,0,0,0,0,0,0,0,0,0,0,0,0
20,100,0,4.106575,3.551929,20,100,0,4.12626,3.551929,0,133,4.106575,3.551929,0.008,1,4.106575,3.536315,0.008,1,4.03226,3.462,0.008,1,4.03226,3.379,0.008,1,4.15037,3.379,0.008,1,4.15037,3.379,0.008,1,4.12626,3.40311,0.008,1,4.12626,3.551929,0.008,1,0,0,0,0,0,0,0,0,0,0,0,0,0,0,0,0,0,0,0,0,0,0,0,0,0,0,0,0,0,0,0,0,0,0,0,0,0,0,0,0,0,0,0,0,0,0,0,0,0,0,0,0,0,0,0,0,0,0,0,0,0,0,0,0,0,0,0,0,0,0,0,0,0,0,0,0,0,0,0,0,0,0,0,0,0,0,0,0,0,0,0,0,0,0,0,0,0,0,0,0,0,0,0,0,0,0,0,0,0,0,0,0,0,0,0,0,0,0,0,0,0,0,0,0,0,0,0,0,0,0,0,0,0,0,0,0,0,0,0,0,0,0,0,0,0,0,0,0,0,0,0,0,0,0,0,0,0,0,0,0,0,0,0,0,0,0,0,0,0,0,0,0,0,0,-1,0
20,100,0,6.703166,5.984024,20,100,0,3.442449,4.955409,0,133,6.703166,5.984024,0.004,12,6.70226,5.98493,0.004,12,6.70226,6.066,0.004,12,6.70226,6.17,0.004,6,6.65826,6.214,0.004,6,3.92426,6.214,0.004,6,3.42426,5.714,0.004,6,3.42426,5.089,0.004,6,3.44326,5.07,0.004,6,3.44326,4.993968,0.004,6,3.462134,4.975094,0.004,6,3.442449,4.955409,0.01,1,0,0,0,0,0,0,0,0,0,0,0,0,0,0,0,0,0,0,0,0,0,0,0,0,0,0,0,0,0,0,0,0,0,0,0,0,0,0,0,0,0,0,0,0,0,0,0,0,0,0,0,0,0,0,0,0,0,0,0,0,0,0,0,0,0,0,0,0,0,0,0,0,0,0,0,0,0,0,0,0,0,0,0,0,0,0,0,0,0,0,0,0,0,0,0,0,0,0,0,0,0,0,0,0,0,0,0,0,0,0,0,0,0,0,0,0,0,0,0,0,0,0,0,0,0,0,0,0,0,0,0,0,0,0,0,0,0,0,0,0,0,0,0,0,0,0,0,0,0,0,0,0,0,0,0,0,0,0,0,0
20,100,0,3.481819,4.797929,20,100,0,6.309465,5.984024,0,133,3.481819,4.797929,0.01,1,3.50289,4.819,0.01,1,3.50226,4.819,0.004,7,3.52126,4.838,0.004,7,4.89026,4.838,0.004,7,5.22326,5.171,0.004,7,5.22326,5.532,0.004,7,5.29326,5.602,0.004,7,5.29326,5.842,0.004,7,5.57326,6.122,0.004,7,6.28626,6.122,0.004,7,6.30926,6.099,0.004,7,6.30926,6.066,0.004,7,6.309465,6.065795,0.004,12,6.309465,5.984024,0.004,12,0,0,0,0,0,0,0,0,0,0,0,0,0,0,0,0,0,0,0,0,0,0,0,0,0,0,0,0,0,0,0,0,0,0,0,0,0,0,0,0,0,0,0,0,0,0,0,0,0,0,0,0,0,0,0,0,0,0,0,0,0,0,0,0,0,0,0,0,0,0,0,0,0,0,0,0,0,0,0,0,0,0,0,0,0,0,0,0,0,0,0,0,0,0,0,0,0,0,0,0,0,0,0,0,0,0,0,0,0,0,0,0,0,0,0,0,0,0,0,0,0,0,0,0,0,0,0,0,0,0,0,0,0,0,0,0,0,0,0,0,0,0,0,0,0,0,0,0
20,100,0,3.481819,4.797929,20,100,0,6.309465,5.984024,0,133,3.481819,4.797929,0.01,1,3.50289,4.819,0.01,1,3.50226,4.819,0.01,1,3.52126,4.838,0.004,7,4.89026,4.838,0.004,7,5.22326,5.171,0.004,7,5.22326,5.532,0.004,7,5.29326,5.602,0.004,7,5.29326,5.842,0.004,7,5.57326,6.122,0.004,7,6.28626,6.122,0.004,7,6.30926,6.099,0.004,7,6.30926,6.066,0.004,7,6.309465,6.065795,0.004,12,6.309465,5.984024,0.004,12,0,0,0,0,0,0,0,0,0,0,0,0,0,0,0,0,0,0,0,0,0,0,0,0,0,0,0,0,0,0,0,0,0,0,0,0,0,0,0,0,0,0,0,0,0,0,0,0,0,0,0,0,0,0,0,0,0,0,0,0,0,0,0,0,0,0,0,0,0,0,0,0,0,0,0,0,0,0,0,0,0,0,0,0,0,0,0,0,0,0,0,0,0,0,0,0,0,0,0,0,0,0,0,0,0,0,0,0,0,0,0,0,0,0,0,0,0,0,0,0,0,0,0,0,0,0,0,0,0,0,0,0,0,0,0,0,0,0,0,0,0,0,0,0,0,0,0,0
20,100,0,4.676268,5.437984,20,100,0,4.644772,5.46948,0,133,4.676268,5.437984,0.01,1,4.66052,5.453732,0.01,1,4.644252,5.47,0.004,10,4.52226,5.47,0.004,10,4.613795,5.47,0.004,6,4.629024,5.485228,0.004,6,4.644772,5.46948,0.01,1,0,0,0,0,0,0,0,0,0,0,0,0,0,0,0,0,0,0,0,0,0,0,0,0,0,0,0,0,0,0,0,0,0,0,0,0,0,0,0,0,0,0,0,0,0,0,0,0,0,0,0,0,0,0,0,0,0,0,0,0,0,0,0,0,0,0,0,0,0,0,0,0,0,0,0,0,0,0,0,0,0,0,0,0,0,0,0,0,0,0,0,0,0,0,0,0,0,0,0,0,0,0,0,0,0,0,0,0,0,0,0,0,0,0,0,0,0,0,0,0,0,0,0,0,0,0,0,0,0,0,0,0,0,0,0,0,0,0,0,0,0,0,0,0,0,0,0,0,0,0,0,0,0,0,0,0,0,0,0,0,0,0,0,0,0,0,0,0,0,0,0,0,0,0,0,0,0,0,0,0
20,100,0,4.52852,4.138008,20,100,0,3.95426,4.246748,0,133,4.52852,4.138008,0.01,1,4.512772,4.153756,0.01,1,4.52426,4.165244,0.004,3,4.52426,4.176,0.004,3,4.53626,4.188,0.004,3,4.664946,4.188,0.004,3,4.67226,4.195314,0.004,3,4.67226,4.210686,0.004,3,4.667603,4.215343,0.004,3,4.501917,4.215343,0.004,3,4.482574,4.196,0.004,3,4.29926,4.196,0.004,3,4.26326,4.232,0.004,3,4.100574,4.232,0.004,3,4.061574,4.193,0.004,3,4.002316,4.193,0.004,3,3.98963,4.205686,0.004,3,3.98963,4.222,0.004,3,3.984567,4.227063,0.004,3,3.973945,4.227063,0.004,3,3.95426,4.246748,0.01,1,0,0,0,0,0,0,0,0,0,0,0,0,0,0,0,0,0,0,0,0,0,0,0,0,0,0,0,0,0,0,0,0,0,0,0,0,0,0,0,0,0,0,0,0,0,0,0,0,0,0,0,0,0,0,0,0,0,0,0,0,0,0,0,0,0,0,0,0,0,0,0,0,0,0,0,0,0,0,0,0,0,0,0,0,0,0,0,0,0,0,0,0,0,0,0,0,0,0,0,0,0,0,0,0,0,0,0,0,0,0,0,0,0,0,0,0,0,0,0,0,0,0,0,0
20,100,0,1.815508,4.414003,20,100,0,2.891268,4.994779,0,133,1.815508,4.414003,0.004,1,1.869863,4.414003,0.004,1,1.955263,4.414003,0.004,6,2.555724,5.014465,0.004,6,2.871583,5.014465,0.004,6,2.891268,4.994779,0.01,1,0,0,0,0,0,0,0,0,0,0,0,0,0,0,0,0,0,0,0,0,0,0,0,0,0,0,0,0,0,0,0,0,0,0,0,0,0,0,0,0,0,0,0,0,0,0,0,0,0,0,0,0,0,0,0,0,0,0,0,0,0,0,0,0,0,0,0,0,0,0,0,0,0,0,0,0,0,0,0,0,0,0,0,0,0,0,0,0,0,0,0,0,0,0,0,0,0,0,0,0,0,0,0,0,0,0,0,0,0,0,0,0,0,0,0,0,0,0,0,0,0,0,0,0,0,0,0,0,0,0,0,0,0,0,0,0,0,0,0,0,0,0,0,0,0,0,0,0,0,0,0,0,0,0,0,0,0,0,0,0,0,0,0,0,0,0,0,0,0,0,0,0,0,0,0,0,0,0,0,0,0,0,0,0
20,100,0,1.815508,4.611003,20,100,0,2.321024,5.757252,0,133,1.815508,4.611003,0.004,1,1.762956,4.611003,0.004,1,1.76326,4.6107,0.004,1,1.77596,4.6107,0.004,12,1.82026,4.655,0.004,12,1.82026,4.897,0.004,12,2.37126,5.448,0.004,12,2.37126,5.757,0.004,12,2.321275,5.757,0.004,1,2.321024,5.757252,0.004,1,0,0,0,0,0,0,0,0,0,0,0,0,0,0,0,0,0,0,0,0,0,0,0,0,0,0,0,0,0,0,0,0,0,0,0,0,0,0,0,0,0,0,0,0,0,0,0,0,0,0,0,0,0,0,0,0,0,0,0,0,0,0,0,0,0,0,0,0,0,0,0,0,0,0,0,0,0,0,0,0,0,0,0,0,0,0,0,0,0,0,0,0,0,0,0,0,0,0,0,0,0,0,0,0,0,0,0,0,0,0,0,0,0,0,0,0,0,0,0,0,0,0,0,0,0,0,0,0,0,0,0,0,0,0,0,0,0,0,0,0,0,0,0,0,0,0,0,0,0,0,0,0,0,0,0,0,0,0,0,0,0,0,0,0,0,0,0,0
20,100,0,3.560559,4.994779,20,100,0,4.613276,5.500976,0,133,3.560559,4.994779,0.01,1,3.580244,5.014465,0.01,1,3.60026,5.03448,0.004,10,3.60026,5.126,0.004,10,4.05626,5.582,0.004,10,4.24726,5.582,0.004,10,4.532252,5.582,0.004,10,4.597528,5.516724,0.004,10,4.613276,5.500976,0.01,1,0,0,0,0,0,0,0,0,0,0,0,0,0,0,0,0,0,0,0,0,0,0,0,0,0,0,0,0,0,0,0,0,0,0,0,0,0,0,0,0,0,0,0,0,0,0,0,0,0,0,0,0,0,0,0,0,0,0,0,0,0,0,0,0,0,0,0,0,0,0,0,0,0,0,0,0,0,0,0,0,0,0,0,0,0,0,0,0,0,0,0,0,0,0,0,0,0,0,0,0,0,0,0,0,0,0,0,0,0,0,0,0,0,0,0,0,0,0,0,0,0,0,0,0,0,0,0,0,0,0,0,0,0,0,0,0,0,0,0,0,0,0,0,0,0,0,0,0,0,0,0,0,0,0,0,0,0,0,0,0,0,0,0,0,0,0,0,0,0,0,0,0
20,100,0,4.654504,4.326984,20,100,0,4.591512,4.326984,0,133,4.654504,4.326984,0.01,1,4.638756,4.342732,0.01,1,4.60726,4.374228,0.004,1,4.60726,4.472409,0.004,1,4.60726,4.515,0.004,1,4.60726,4.515,0.004,1,4.60726,4.561409,0.01,1,4.61826,4.550409,0.01,12,4.61826,4.517591,0.01,12,4.61826,4.477,0.01,12,4.61826,4.477,0.01,12,4.61826,4.428,0.01,12,4.575764,4.385504,0.01,12,4.575764,4.342732,0.01,12,4.591512,4.326984,0.01,1,0,0,0,0,0,0,0,0,0,0,0,0,0,0,0,0,0,0,0,0,0,0,0,0,0,0,0,0,0,0,0,0,0,0,0,0,0,0,0,0,0,0,0,0,0,0,0,0,0,0,0,0,0,0,0,0,0,0,0,0,0,0,0,0,0,0,0,0,0,0,0,0,0,0,0,0,0,0,0,0,0,0,0,0,0,0,0,0,0,0,0,0,0,0,0,0,0,0,0,0,0,0,0,0,0,0,0,0,0,0,0,0,0,0,0,0,0,0,0,0,0,0,0,0,0,0,0,0,0,0,0,0,0,0,0,0,0,0,0,0,0,0,0,0,0,0,-1,0
20,100,0,1.815508,5.162104,20,100,0,3.009378,5.07352,0,133,1.815508,5.162104,0.004,1,2.920794,5.162104,0.004,1,3.009378,5.07352,0.004,1,0,0,0,0,0,0,0,0,0,0,0,0,0,0,0,0,0,0,0,0,0,0,0,0,0,0,0,0,0,0,0,0,0,0,0,0,0,0,0,0,0,0,0,0,0,0,0,0,0,0,0,0,0,0,0,0,0,0,0,0,0,0,0,0,0,0,0,0,0,0,0,0,0,0,0,0,0,0,0,0,0,0,0,0,0,0,0,0,0,0,0,0,0,0,0,0,0,0,0,0,0,0,0,0,0,0,0,0,0,0,0,0,0,0,0,0,0,0,0,0,0,0,0,0,0,0,0,0,0,0,0,0,0,0,0,0,0,0,0,0,0,0,0,0,0,0,0,0,0,0,0,0,0,0,0,0,0,0,0,0,0,0,0,0,0,0,0,0,0,0,0,0,0,0,0,0,0,0,0,0,0,0,0,0,0,0,0,0,0,0,0,0,0,0,0,0
20,100,0,7.700158,5.582496,20,100,0,8.17726,5.493,0,133,7.700158,5.582496,0.01,1,7.700158,5.676702,0.01,1,7.703456,5.68,0.01,1,7.77826,5.68,0.01,1,7.77826,5.68,0.01,1,8.12526,5.68,0.008,1,8.17726,5.628,0.008,1,8.17726,5.493,0.008,1,0,0,0,0,0,0,0,0,0,0,0,0,0,0,0,0,0,0,0,0,0,0,0,0,0,0,0,0,0,0,0,0,0,0,0,0,0,0,0,0,0,0,0,0,0,0,0,0,0,0,0,0,0,0,0,0,0,0,0,0,0,0,0,0,0,0,0,0,0,0,0,0,0,0,0,0,0,0,0,0,0,0,0,0,0,0,0,0,0,0,0,0,0,0,0,0,0,0,0,0,0,0,0,0,0,0,0,0,0,0,0,0,0,0,0,0,0,0,0,0,0,0,0,0,0,0,0,0,0,0,0,0,0,0,0,0,0,0,0,0,0,0,0,0,0,0,0,0,0,0,0,0,0,0,0,0,0,0,0,0,0,0,0,0,0,0,0,0,0,0,0,0,0,0,0,0
20,100,0,3.088118,4.797929,20,100,0,2.541496,5.936386,0,133,3.088118,4.797929,0.01,1,3.068433,4.817614,0.01,1,3.049047,4.837,0.004,3,2.90526,4.837,0.004,3,2.89126,4.851,0.004,3,2.89126,5.411,0.004,3,2.63726,5.665,0.004,3,2.63726,5.888,0.004,3,2.58926,5.936,0.004,3,2.547882,5.936,0.004,1,2.544882,5.933,0.004,1,2.541496,5.936386,0.004,1,0,0,0,0,0,0,0,0,0,0,0,0,0,0,0,0,0,0,0,0,0,0,0,0,0,0,0,0,0,0,0,0,0,0,0,0,0,0,0,0,0,0,0,0,0,0,0,0,0,0,0,0,0,0,0,0,0,0,0,0,0,0,0,0,0,0,0,0,0,0,0,0,0,0,0,0,0,0,0,0,0,0,0,0,0,0,0,0,0,0,0,0,0,0,0,0,0,0,0,0,0,0,0,0,0,0,0,0,0,0,0,0,0,0,0,0,0,0,0,0,0,0,0,0,0,0,0,0,0,0,0,0,0,0,0,0,0,0,0,0,0,0,0,0,0,0,0,0,0,0,0,0,0,0,0,0,0,0,0,0
20,100,0,2.851898,4.876669,20,100,0,1.815508,4.729203,0,133,2.851898,4.876669,0.004,1,2.262929,4.876669,0.004,1,2.115463,4.729203,0.004,1,1.815508,4.729203,0.004,1,0,0,0,0,0,0,0,0,0,0,0,0,0,0,0,0,0,0,0,0,0,0,0,0,0,0,0,0,0,0,0,0,0,0,0,0,0,0,0,0,0,0,0,0,0,0,0,0,0,0,0,0,0,0,0,0,0,0,0,0,0,0,0,0,0,0,0,0,0,0,0,0,0,0,0,0,0,0,0,0,0,0,0,0,0,0,0,0,0,0,0,0,0,0,0,0,0,0,0,0,0,0,0,0,0,0,0,0,0,0,0,0,0,0,0,0,0,0,0,0,0,0,0,0,0,0,0,0,0,0,0,0,0,0,0,0,0,0,0,0,0,0,0,0,0,0,0,0,0,0,0,0,0,0,0,0,0,0,0,0,0,0,0,0,0,0,0,0,0,0,0,0,0,0,0,0,0,0,0,0,0,0,0,0,0,0,0,0,0,0,0,0
20,100,0,5.316953,5.36663,20,100,0,4.833748,5.374992,0,133,5.316953,5.36663,0.004,1,5.306488,5.36663,0.004,1,5.300118,5.373,0.004,1,5.23726,5.373,0.004,1,5.204264,5.405996,0.004,1,5.099846,5.405996,0.004,1,5.07785,5.384,0.004,1,5.03526,5.384,0.004,1,5.03526,5.384,0.004,1,5.013264,5.405996,0.004,1,4.936829,5.405996,0.004,1,4.917574,5.38674,0.004,1,4.854638,5.38674,0.004,1,4.84289,5.374992,0.004,1,4.833748,5.374992,0.004,1,0,0,0,0,0,0,0,0,0,0,0,0,0,0,0,0,0,0,0,0,0,0,0,0,0,0,0,0,0,0,0,0,0,0,0,0,0,0,0,0,0,0,0,0,0,0,0,0,0,0,0,0,0,0,0,0,0,0,0,0,0,0,0,0,0,0,0,0,0,0,0,0,0,0,0,0,0,0,0,0,0,0,0,0,0,0,0,0,0,0,0,0,0,0,0,0,0,0,0,0,0,0,0,0,0,0,0,0,0,0,0,0,0,0,0,0,0,0,0,0,0,0,0,0,0,0,0,0,0,0,0,0,0,0,0,0,0,0,0,0,0,0,0,0,0,0,0,0
20,100,0,3.99363,4.246748,20,100,0,4.560016,4.138008,0,133,3.99363,4.246748,0.01,1,4.013315,4.227063,0.01,1,4.002693,4.227063,0.004,3,3.99763,4.222,0.004,3,3.99763,4.209,0.004,3,4.00563,4.201,0.004,3,4.05826,4.201,0.004,3,4.09726,4.24,0.004,3,4.266574,4.24,0.004,3,4.302574,4.204,0.004,3,4.47926,4.204,0.004,3,4.498603,4.223343,0.004,3,4.670917,4.223343,0.004,3,4.68026,4.214,0.004,3,4.68026,4.192,0.004,3,4.66826,4.18,0.004,3,4.539574,4.18,0.004,3,4.532917,4.173343,0.004,3,4.532917,4.165107,0.004,3,4.544268,4.153756,0.004,3,4.560016,4.138008,0.01,1,0,0,0,0,0,0,0,0,0,0,0,0,0,0,0,0,0,0,0,0,0,0,0,0,0,0,0,0,0,0,0,0,0,0,0,0,0,0,0,0,0,0,0,0,0,0,0,0,0,0,0,0,0,0,0,0,0,0,0,0,0,0,0,0,0,0,0,0,0,0,0,0,0,0,0,0,0,0,0,0,0,0,0,0,0,0,0,0,0,0,0,0,0,0,0,0,0,0,0,0,0,0,0,0,0,0,0,0,0,0,0,0,0,0,0,0,0,0,0,0,0,0,0,0
20,100,0,3.468378,5.659,20,100,0,3.403079,4.719189,0,133,3.468378,5.659,0.004,1,3.53826,5.659,0.004,1,3.55126,5.672,0.004,1,3.57926,5.672,0.004,1,3.57926,5.593,0.004,1,3.63426,5.593,0.004,1,3.63426,5.593,0.004,1,3.65826,5.593,0.004,1,3.67426,5.577,0.004,1,3.67426,5.567,0.004,10,3.49826,5.391,0.004,10,3.49826,5.08,0.004,10,3.48126,5.063,0.004,10,3.48126,4.769,0.004,10,3.47126,4.759,0.004,10,3.452047,4.759,0.004,10,3.451677,4.75937,0.004,10,3.44326,4.75937,0.004,10,3.422764,4.738874,0.004,10,3.403079,4.719189,0.01,1,0,0,0,0,0,0,0,0,0,0,0,0,0,0,0,0,0,0,0,0,0,0,0,0,0,0,0,0,0,0,0,0,0,0,0,0,0,0,0,0,0,0,0,0,0,0,0,0,0,0,0,0,0,0,0,0,0,0,0,0,0,0,0,0,0,0,0,0,0,0,0,0,0,0,0,0,0,0,0,0,0,0,0,0,0,0,0,0,0,0,0,0,0,0,0,0,0,0,0,0,0,0,0,0,0,0,0,0,0,0,0,0,0,0,0,0,0,0,0,0,0,0,0,0,0,0,0,0
20,100,0,2.541496,5.808433,20,100,0,1.815508,4.591303,0,133,2.541496,5.808433,0.004,1,2.496827,5.808433,0.004,1,2.39526,5.91,0.004,1,2.38926,5.91,0.008,1,2.55026,5.91,0.004,12,2.66126,5.799,0.004,12,2.66126,5.688,0.004,12,2.46226,5.489,0.004,12,2.46226,5.1837,0.004,12,1.869863,4.591303,0.004,12,1.815508,4.591303,0.004,1,0,0,0,0,0,0,0,0,0,0,0,0,0,0,0,0,0,0,0,0,0,0,0,0,0,0,0,0,0,0,0,0,0,0,0,0,0,0,0,0,0,0,0,0,0,0,0,0,0,0,0,0,0,0,0,0,0,0,0,0,0,0,0,0,0,0,0,0,0,0,0,0,0,0,0,0,0,0,0,0,0,0,0,0,0,0,0,0,0,0,0,0,0,0,0,0,0,0,0,0,0,0,0,0,0,0,0,0,0,0,0,0,0,0,0,0,0,0,0,0,0,0,0,0,0,0,0,0,0,0,0,0,0,0,0,0,0,0,0,0,0,0,0,0,0,0,0,0,0,0,0,0,0,0,0,0,0,0,0,0,0,0,-1,0
20,100,0,2.541496,5.808433,20,100,0,2.321024,5.910795,0,133,2.541496,5.808433,0.004,1,2.496827,5.808433,0.004,1,2.39526,5.91,0.004,1,2.38926,5.91,0.008,1,2.321819,5.91,0.004,1,2.321024,5.910795,0.004,1,0,0,0,0,0,0,0,0,0,0,0,0,0,0,0,0,0,0,0,0,0,0,0,0,0,0,0,0,0,0,0,0,0,0,0,0,0,0,0,0,0,0,0,0,0,0,0,0,0,0,0,0,0,0,0,0,0,0,0,0,0,0,0,0,0,0,0,0,0,0,0,0,0,0,0,0,0,0,0,0,0,0,0,0,0,0,0,0,0,0,0,0,0,0,0,0,0,0,0,0,0,0,0,0,0,0,0,0,0,0,0,0,0,0,0,0,0,0,0,0,0,0,0,0,0,0,0,0,0,0,0,0,0,0,0,0,0,0,0,0,0,0,0,0,0,0,0,0,0,0,0,0,0,0,0,0,0,0,0,0,0,0,0,0,0,0,0,0,0,0,0,0,0,0,0,0,0,0,0,0,0,0,-1,0
20,100,0,6.073244,5.984024,20,100,0,3.560559,4.758559,0,133,6.073244,5.984024,0.004,12,6.073244,6.065984,0.004,12,6.07326,6.066,0.004,12,6.07326,6.105,0.004,10,6.02926,6.149,0.004,10,5.80026,6.149,0.004,10,5.69126,6.04,0.004,10,5.69126,5.235,0.004,10,5.58526,5.129,0.004,10,5.50826,5.129,0.004,10,5.17826,4.799,0.004,10,3.601,4.799,0.004,10,3.580244,4.778244,0.004,10,3.560559,4.758559,0.01,1,0,0,0,0,0,0,0,0,0,0,0,0,0,0,0,0,0,0,0,0,0,0,0,0,0,0,0,0,0,0,0,0,0,0,0,0,0,0,0,0,0,0,0,0,0,0,0,0,0,0,0,0,0,0,0,0,0,0,0,0,0,0,0,0,0,0,0,0,0,0,0,0,0,0,0,0,0,0,0,0,0,0,0,0,0,0,0,0,0,0,0,0,0,0,0,0,0,0,0,0,0,0,0,0,0,0,0,0,0,0,0,0,0,0,0,0,0,0,0,0,0,0,0,0,0,0,0,0,0,0,0,0,0,0,0,0,0,0,0,0,0,0,0,0,0,0,0,0,0,0,0,0
20,100,0,4.068189,3.629685,20,100,0,4.068189,3.61,0,133,4.068189,3.629685,0.004,1,4.068189,3.61,0.004,1,0,0,0,0,0,0,0,0,0,0,0,0,0,0,0,0,0,0,0,0,0,0,0,0,0,0,0,0,0,0,0,0,0,0,0,0,0,0,0,0,0,0,0,0,0,0,0,0,0,0,0,0,0,0,0,0,0,0,0,0,0,0,0,0,0,0,0,0,0,0,0,0,0,0,0,0,0,0,0,0,0,0,0,0,0,0,0,0,0,0,0,0,0,0,0,0,0,0,0,0,0,0,0,0,0,0,0,0,0,0,0,0,0,0,0,0,0,0,0,0,0,0,0,0,0,0,0,0,0,0,0,0,0,0,0,0,0,0,0,0,0,0,0,0,0,0,0,0,0,0,0,0,0,0,0,0,0,0,0,0,0,0,0,0,0,0,0,0,0,0,0,0,0,0,0,0,0,0,0,0,0,0,0,0,0,0,0,0,0,0,0,0,0,0,0,0,0,0,0,0
20,100,0,3.442449,4.719189,20,100,0,6.466945,5.984024,0,133,3.442449,4.719189,0.01,1,3.462134,4.738874,0.01,1,3.482008,4.719,0.004,7,5.39426,4.719,0.004,7,5.48926,4.814,0.004,7,5.77826,4.814,0.004,7,5.85126,4.887,0.004,7,5.85126,5.553,0.004,7,6.01326,5.715,0.004,7,6.31026,5.715,0.004,7,6.46826,5.873,0.004,7,6.46726,5.874,0.004,7,6.46726,5.908,0.004,7,6.466945,5.908315,0.004,12,6.466945,5.984024,0.004,12,0,0,0,0,0,0,0,0,0,0,0,0,0,0,0,0,0,0,0,0,0,0,0,0,0,0,0,0,0,0,0,0,0,0,0,0,0,0,0,0,0,0,0,0,0,0,0,0,0,0,0,0,0,0,0,0,0,0,0,0,0,0,0,0,0,0,0,0,0,0,0,0,0,0,0,0,0,0,0,0,0,0,0,0,0,0,0,0,0,0,0,0,0,0,0,0,0,0,0,0,0,0,0,0,0,0,0,0,0,0,0,0,0,0,0,0,0,0,0,0,0,0,0,0,0,0,0,0,0,0,0,0,0,0,0,0,0,0,0,0,0,0,0,0,0,0,0,0
20,100,0,4.591512,4.295488,20,100,0,3.95426,4.325488,0,133,4.591512,4.295488,0.01,1,4.575764,4.311236,0.01,1,4.560764,4.326236,0.004,3,4.560764,4.492496,0.004,3,4.53126,4.522,0.004,3,4.04526,4.522,0.004,3,3.99326,4.47,0.004,3,3.99326,4.325,0.004,3,3.974063,4.305803,0.004,3,3.973945,4.305803,0.004,3,3.95426,4.325488,0.01,1,0,0,0,0,0,0,0,0,0,0,0,0,0,0,0,0,0,0,0,0,0,0,0,0,0,0,0,0,0,0,0,0,0,0,0,0,0,0,0,0,0,0,0,0,0,0,0,0,0,0,0,0,0,0,0,0,0,0,0,0,0,0,0,0,0,0,0,0,0,0,0,0,0,0,0,0,0,0,0,0,0,0,0,0,0,0,0,0,0,0,0,0,0,0,0,0,0,0,0,0,0,0,0,0,0,0,0,0,0,0,0,0,0,0,0,0,0,0,0,0,0,0,0,0,0,0,0,0,0,0,0,0,0,0,0,0,0,0,0,0,0,0,0,0,0,0,0,0,0,0,0,0,0,0,0,0,0,0,0,0,0,0,0,0
20,100,0,3.088118,4.404228,20,100,0,1.634008,3.468903,0,133,3.088118,4.404228,0.01,1,3.068433,4.384543,0.01,1,3.054716,4.384543,0.004,10,3.05126,4.388,0.004,10,3.05126,4.400314,0.004,10,3.043574,4.408,0.004,10,2.811946,4.408,0.004,10,2.77626,4.372314,0.004,10,2.67926,4.275314,0.004,10,2.67926,4.213314,0.004,10,1.859946,3.394,0.004,10,1.69926,3.394,0.004,10,1.630206,3.463053,0.004,10,1.59826,3.463053,0.004,10,1.59126,3.470053,0.004,10,1.59126,3.464053,0.004,1,1.59226,3.463053,0.004,1,1.598658,3.463053,0.004,1,1.604508,3.468903,0.004,1,1.634008,3.468903,0.004,1,0,0,0,0,0,0,0,0,0,0,0,0,0,0,0,0,0,0,0,0,0,0,0,0,0,0,0,0,0,0,0,0,0,0,0,0,0,0,0,0,0,0,0,0,0,0,0,0,0,0,0,0,0,0,0,0,0,0,0,0,0,0,0,0,0,0,0,0,0,0,0,0,0,0,0,0,0,0,0,0,0,0,0,0,0,0,0,0,0,0,0,0,0,0,0,0,0,0,0,0,0,0,0,0,0,0,0,0,0,0,0,0,0,0,0,0,0,0,0,0,0,0,0,0,0,0,0,0
20,100,0,1.815508,3.803803,20,100,0,2.891268,4.876669,0,133,1.815508,3.803803,0.004,1,1.869863,3.803803,0.004,1,2.019063,3.803803,0.004,7,2.31426,4.099,0.004,7,2.31426,4.574,0.004,7,2.636614,4.896354,0.004,7,2.871583,4.896354,0.004,7,2.891268,4.876669,0.01,1,0,0,0,0,0,0,0,0,0,0,0,0,0,0,0,0,0,0,0,0,0,0,0,0,0,0,0,0,0,0,0,0,0,0,0,0,0,0,0,0,0,0,0,0,0,0,0,0,0,0,0,0,0,0,0,0,0,0,0,0,0,0,0,0,0,0,0,0,0,0,0,0,0,0,0,0,0,0,0,0,0,0,0,0,0,0,0,0,0,0,0,0,0,0,0,0,0,0,0,0,0,0,0,0,0,0,0,0,0,0,0,0,0,0,0,0,0,0,0,0,0,0,0,0,0,0,0,0,0,0,0,0,0,0,0,0,0,0,0,0,0,0,0,0,0,0,0,0,0,0,0,0,0,0,0,0,0,0,0,0,0,0,0,0,0,0,0,0,0,0,0,0,0,0,0,0
20,100,0,4.73926,5.280504,20,100,0,5.56626,4.686,0,133,4.73926,5.280504,0.01,1,4.755008,5.264756,0.01,1,4.864764,5.155,0.004,3,5.17326,5.155,0.004,3,5.56626,4.762,0.004,3,5.56626,4.686,0.004,3,0,0,0,0,0,0,0,0,0,0,0,0,0,0,0,0,0,0,0,0,0,0,0,0,0,0,0,0,0,0,0,0,0,0,0,0,0,0,0,0,0,0,0,0,0,0,0,0,0,0,0,0,0,0,0,0,0,0,0,0,0,0,0,0,0,0,0,0,0,0,0,0,0,0,0,0,0,0,0,0,0,0,0,0,0,0,0,0,0,0,0,0,0,0,0,0,0,0,0,0,0,0,0,0,0,0,0,0,0,0,0,0,0,0,0,0,0,0,0,0,0,0,0,0,0,0,0,0,0,0,0,0,0,0,0,0,0,0,0,0,0,0,0,0,0,0,0,0,0,0,0,0,0,0,0,0,0,0,0,0,0,0,0,0,0,0,0,0,0,0,0,0,0,0,0,0,0,0,0,0,0,0,-1,0
20,100,0,1.815508,5.457604,20,100,0,3.245598,5.07352,0,133,1.815508,5.457604,0.004,1,1.908863,5.457604,0.004,1,1.97226,5.521,0.004,1,2.97026,5.521,0.004,1,3.02026,5.571,0.004,1,3.34126,5.571,0.004,1,3.37926,5.533,0.004,1,3.37926,5.23,0.004,1,3.33026,5.181,0.004,1,3.30026,5.181,0.004,1,3.245598,5.126339,0.004,1,3.245598,5.07352,0.004,1,0,0,0,0,0,0,0,0,0,0,0,0,0,0,0,0,0,0,0,0,0,0,0,0,0,0,0,0,0,0,0,0,0,0,0,0,0,0,0,0,0,0,0,0,0,0,0,0,0,0,0,0,0,0,0,0,0,0,0,0,0,0,0,0,0,0,0,0,0,0,0,0,0,0,0,0,0,0,0,0,0,0,0,0,0,0,0,0,0,0,0,0,0,0,0,0,0,0,0,0,0,0,0,0,0,0,0,0,0,0,0,0,0,0,0,0,0,0,0,0,0,0,0,0,0,0,0,0,0,0,0,0,0,0,0,0,0,0,0,0,0,0,0,0,0,0,0,0,0,0,0,0,0,0,0,0,0,0,0,0
20,100,0,3.206228,5.07352,20,100,0,1.815508,5.398503,0,133,3.206228,5.07352,0.004,1,3.206228,5.137968,0.004,1,3.27526,5.207,0.004,1,3.30826,5.207,0.004,1,3.34326,5.242,0.004,1,3.34326,5.522,0.004,1,3.31826,5.547,0.004,1,3.03826,5.547,0.004,1,2.97826,5.487,0.004,1,1.99526,5.487,0.004,1,1.906763,5.398503,0.004,1,1.815508,5.398503,0.004,1,0,0,0,0,0,0,0,0,0,0,0,0,0,0,0,0,0,0,0,0,0,0,0,0,0,0,0,0,0,0,0,0,0,0,0,0,0,0,0,0,0,0,0,0,0,0,0,0,0,0,0,0,0,0,0,0,0,0,0,0,0,0,0,0,0,0,0,0,0,0,0,0,0,0,0,0,0,0,0,0,0,0,0,0,0,0,0,0,0,0,0,0,0,0,0,0,0,0,0,0,0,0,0,0,0,0,0,0,0,0,0,0,0,0,0,0,0,0,0,0,0,0,0,0,0,0,0,0,0,0,0,0,0,0,0,0,0,0,0,0,0,0,0,0,0,0,0,0,0,0,0,0,0,0,0,0,0,0,0,0
20,100,0,4.73926,5.46948,20,100,0,2.851898,4.286118,0,133,4.73926,5.46948,0.004,1,4.75489,5.48511,0.004,1,4.75489,5.60737,0.004,1,4.64526,5.717,0.004,1,4.27726,5.717,0.004,1,4.09726,5.897,0.004,1,3.899756,5.897,0.004,1,3.836882,5.897,0.004,1,3.836882,5.897,0.004,1,3.79726,5.897,0.004,1,3.75526,5.897,0.004,3,3.20726,5.349,0.004,3,3.20726,4.331,0.004,3,3.18926,4.313,0.004,3,3.15726,4.313,0.004,3,3.12826,4.284,0.004,3,3.12826,4.26,0.004,3,3.11526,4.247,0.004,3,2.851646,4.247,0.004,3,2.832213,4.266433,0.004,3,2.851898,4.286118,0.01,1,0,0,0,0,0,0,0,0,0,0,0,0,0,0,0,0,0,0,0,0,0,0,0,0,0,0,0,0,0,0,0,0,0,0,0,0,0,0,0,0,0,0,0,0,0,0,0,0,0,0,0,0,0,0,0,0,0,0,0,0,0,0,0,0,0,0,0,0,0,0,0,0,0,0,0,0,0,0,0,0,0,0,0,0,0,0,0,0,0,0,0,0,0,0,0,0,0,0,0,0,0,0,0,0,0,0,0,0,0,0,0,0,0,0,0,0,0,0,0,0,0,0,-1,0
20,100,0,3.166858,5.03415,20,100,0,1.634008,4.768604,0,133,3.166858,5.03415,0.01,1,3.147173,5.053835,0.01,1,3.128008,5.073,0.004,6,3.128008,5.195,0.004,6,2.966008,5.357,0.004,6,2.22226,5.357,0.004,6,1.68526,4.82,0.004,6,1.68526,4.777,0.004,6,1.67726,4.769,0.004,6,1.676863,4.768604,0.004,1,1.634008,4.768604,0.004,1,0,0,0,0,0,0,0,0,0,0,0,0,0,0,0,0,0,0,0,0,0,0,0,0,0,0,0,0,0,0,0,0,0,0,0,0,0,0,0,0,0,0,0,0,0,0,0,0,0,0,0,0,0,0,0,0,0,0,0,0,0,0,0,0,0,0,0,0,0,0,0,0,0,0,0,0,0,0,0,0,0,0,0,0,0,0,0,0,0,0,0,0,0,0,0,0,0,0,0,0,0,0,0,0,0,0,0,0,0,0,0,0,0,0,0,0,0,0,0,0,0,0,0,0,0,0,0,0,0,0,0,0,0,0,0,0,0,0,0,0,0,0,0,0,0,0,0,0,0,0,0,0,0,0,0,0,0,0,0,0,0,0,0,0
20,100,0,2.970008,4.404228,20,100,0,2.843417,3.321228,0,133,2.970008,4.404228,0.01,1,2.950323,4.384543,0.01,1,2.950323,4.371937,0.004,10,2.95426,4.368,0.004,10,2.964574,4.368,0.004,10,2.97426,4.358314,0.004,10,2.97426,3.877686,0.004,10,2.881573,3.785,0.004,10,2.77426,3.785,0.004,10,2.62226,3.633,0.004,10,2.62226,3.406,0.004,10,2.66826,3.36,0.004,10,2.681852,3.346407,0.004,10,2.683974,3.346407,0.004,10,2.688923,3.346407,0.004,10,2.693873,3.341458,0.004,10,2.693873,3.336508,0.004,10,2.693873,3.334387,0.004,10,2.701651,3.326608,0.004,10,2.703773,3.326608,0.004,10,2.708722,3.326608,0.004,10,2.713672,3.321659,0.004,10,2.713672,3.316709,0.004,10,2.713672,3.314588,0.004,10,2.72145,3.306809,0.004,10,2.723572,3.306809,0.004,10,2.728521,3.306809,0.004,10,2.733471,3.30186,0.004,10,2.733471,3.29691,0.004,10,2.733471,3.294789,0.004,10,2.74231,3.28595,0.004,10,2.74726,3.281,0.004,10,2.78726,3.241,0.004,10,2.83026,3.241,0.004,10,2.84926,3.26,0.004,10,2.84926,3.284,0.004,10,2.84226,3.291,0.004,10,2.84826,3.291,0.004,1,2.84926,3.292,0.004,1,2.84926,3.296653,0.004,1,2.843417,3.302496,0.004,1,2.843417,3.321228,0.004,1,0,0,0,0,0,0,0,0,0,0,0,0,0,0,0,0,0,0,0,0,0,0,0,0,0,0,0,0,0,0,0,0,0,0,0,0,0,0,0,0
20,100,0,5.042535,5.008661,20,100,0,4.802252,5.312,0,133,5.042535,5.008661,0.004,1,4.997197,5.054,0.004,1,4.92826,5.054,0.004,1,4.88726,5.095,0.004,10,4.88726,5.254,0.004,10,4.82926,5.312,0.004,10,4.802252,5.312,0.004,10,0,0,0,0,0,0,0,0,0,0,0,0,0,0,0,0,0,0,0,0,0,0,0,0,0,0,0,0,0,0,0,0,0,0,0,0,0,0,0,0,0,0,0,0,0,0,0,0,0,0,0,0,0,0,0,0,0,0,0,0,0,0,0,0,0,0,0,0,0,0,0,0,0,0,0,0,0,0,0,0,0,0,0,0,0,0,0,0,0,0,0,0,0,0,0,0,0,0,0,0,0,0,0,0,0,0,0,0,0,0,0,0,0,0,0,0,0,0,0,0,0,0,0,0,0,0,0,0,0,0,0,0,0,0,0,0,0,0,0,0,0,0,0,0,0,0,0,0,0,0,0,0,0,0,0,0,0,0,0,0,0,0,0,0,0,0,0,0,0,0,0,0,0,0,0,0,0,0,0,0
20,100,0,5.042535,5.008661,20,100,0,4.770756,5.343496,0,133,5.042535,5.008661,0.004,1,4.997197,5.054,0.004,1,4.92826,5.054,0.004,1,4.88726,5.095,0.004,10,4.88726,5.254,0.004,10,4.82926,5.312,0.004,10,4.802252,5.312,0.004,10,4.786504,5.327748,0.004,10,4.770756,5.343496,0.01,1,0,0,0,0,0,0,0,0,0,0,0,0,0,0,0,0,0,0,0,0,0,0,0,0,0,0,0,0,0,0,0,0,0,0,0,0,0,0,0,0,0,0,0,0,0,0,0,0,0,0,0,0,0,0,0,0,0,0,0,0,0,0,0,0,0,0,0,0,0,0,0,0,0,0,0,0,0,0,0,0,0,0,0,0,0,0,0,0,0,0,0,0,0,0,0,0,0,0,0,0,0,0,0,0,0,0,0,0,0,0,0,0,0,0,0,0,0,0,0,0,0,0,0,0,0,0,0,0,0,0,0,0,0,0,0,0,0,0,0,0,0,0,0,0,0,0,0,0,0,0,0,0,0,0,0,0,0,0,0,0,0,0,0,0,0,0,0,0,0,0,0,0
20,100,0,4.623008,4.263992,20,100,0,4.654504,4.263992,0,133,4.623008,4.263992,0.01,1,4.60726,4.248244,0.01,1,4.60726,4.258221,0.004,12,4.60226,4.263221,0.004,12,4.60226,4.279,0.004,12,4.64485,4.279,0.004,12,4.64485,4.279,0.004,12,4.64485,4.263221,0.004,12,4.638756,4.257126,0.004,12,4.638756,4.248244,0.004,12,4.654504,4.263992,0.01,1,0,0,0,0,0,0,0,0,0,0,0,0,0,0,0,0,0,0,0,0,0,0,0,0,0,0,0,0,0,0,0,0,0,0,0,0,0,0,0,0,0,0,0,0,0,0,0,0,0,0,0,0,0,0,0,0,0,0,0,0,0,0,0,0,0,0,0,0,0,0,0,0,0,0,0,0,0,0,0,0,0,0,0,0,0,0,0,0,0,0,0,0,0,0,0,0,0,0,0,0,0,0,0,0,0,0,0,0,0,0,0,0,0,0,0,0,0,0,0,0,0,0,0,0,0,0,0,0,0,0,0,0,0,0,0,0,0,0,0,0,0,0,0,0,0,0,0,0,0,0,0,0,0,0,0,0,0,0,0,0,0,0,0,0
20,100,0,3.048748,4.286118,20,100,0,8.30326,4.753,0,133,3.048748,4.286118,0.01,1,3.029063,4.266433,0.01,1,3.01026,4.24763,0.004,7,3.01026,3.826,0.004,7,2.71326,3.529,0.004,7,2.71326,3.14,0.004,7,2.83726,3.016,0.004,7,3.76326,3.016,0.004,7,3.86526,2.914,0.004,7,5.04726,2.914,0.004,7,5.32526,3.192,0.004,7,6.17926,3.192,0.004,7,6.55026,3.563,0.004,7,6.55026,3.71,0.004,7,7.13726,4.297,0.004,7,7.91726,4.297,0.004,7,8.12626,4.506,0.004,7,8.12626,4.606,0.004,7,8.21326,4.693,0.004,7,8.25926,4.693,0.004,7,8.30326,4.737,0.004,7,8.30326,4.753,0.004,7,0,0,0,0,0,0,0,0,0,0,0,0,0,0,0,0,0,0,0,0,0,0,0,0,0,0,0,0,0,0,0,0,0,0,0,0,0,0,0,0,0,0,0,0,0,0,0,0,0,0,0,0,0,0,0,0,0,0,0,0,0,0,0,0,0,0,0,0,0,0,0,0,0,0,0,0,0,0,0,0,0,0,0,0,0,0,0,0,0,0,0,0,0,0,0,0,0,0,0,0,0,0,0,0,0,0,0,0,0,0,0,0,0,0,0,0,0,0,0,0
20,100,0,2.970008,4.797929,20,100,0,1.815508,3.705303,0,133,2.970008,4.797929,0.01,1,2.950323,4.817614,0.01,1,2.930937,4.837,0.004,12,2.71126,4.837,0.004,12,2.65226,4.778,0.004,12,2.65226,4.549,0.004,12,1.87526,3.772,0.004,12,1.83026,3.772,0.004,12,1.76326,3.705,0.004,12,1.762956,3.705303,0.004,1,1.815508,3.705303,0.004,1,0,0,0,0,0,0,0,0,0,0,0,0,0,0,0,0,0,0,0,0,0,0,0,0,0,0,0,0,0,0,0,0,0,0,0,0,0,0,0,0,0,0,0,0,0,0,0,0,0,0,0,0,0,0,0,0,0,0,0,0,0,0,0,0,0,0,0,0,0,0,0,0,0,0,0,0,0,0,0,0,0,0,0,0,0,0,0,0,0,0,0,0,0,0,0,0,0,0,0,0,0,0,0,0,0,0,0,0,0,0,0,0,0,0,0,0,0,0,0,0,0,0,0,0,0,0,0,0,0,0,0,0,0,0,0,0,0,0,0,0,0,0,0,0,0,0,0,0,0,0,0,0,0,0,0,0,0,0,0,0,0,0,0,0
20,100,0,1.815508,5.103003,20,100,0,2.930638,5.07352,0,133,1.815508,5.103003,0.004,1,2.061263,5.103003,0.004,1,2.09526,5.137,0.004,1,2.867157,5.137,0.004,1,2.930638,5.07352,0.004,1,0,0,0,0,0,0,0,0,0,0,0,0,0,0,0,0,0,0,0,0,0,0,0,0,0,0,0,0,0,0,0,0,0,0,0,0,0,0,0,0,0,0,0,0,0,0,0,0,0,0,0,0,0,0,0,0,0,0,0,0,0,0,0,0,0,0,0,0,0,0,0,0,0,0,0,0,0,0,0,0,0,0,0,0,0,0,0,0,0,0,0,0,0,0,0,0,0,0,0,0,0,0,0,0,0,0,0,0,0,0,0,0,0,0,0,0,0,0,0,0,0,0,0,0,0,0,0,0,0,0,0,0,0,0,0,0,0,0,0,0,0,0,0,0,0,0,0,0,0,0,0,0,0,0,0,0,0,0,0,0,0,0,0,0,0,0,0,0,0,0,0,0,0,0,0,0,0,0,0,0,0,0,0,0,0,0,0,0
20,100,0,3.088118,5.03415,20,100,0,1.634008,4.650404,0,133,3.088118,5.03415,0.01,1,3.068433,5.053834,0.01,1,2.892268,5.23,0.004,6,2.44026,5.23,0.004,6,1.90376,4.6935,0.004,6,1.75176,4.6935,0.004,6,1.70906,4.6508,0.004,6,1.67726,4.6508,0.004,6,1.676863,4.650404,0.004,1,1.634008,4.650404,0.004,1,0,0,0,0,0,0,0,0,0,0,0,0,0,0,0,0,0,0,0,0,0,0,0,0,0,0,0,0,0,0,0,0,0,0,0,0,0,0,0,0,0,0,0,0,0,0,0,0,0,0,0,0,0,0,0,0,0,0,0,0,0,0,0,0,0,0,0,0,0,0,0,0,0,0,0,0,0,0,0,0,0,0,0,0,0,0,0,0,0,0,0,0,0,0,0,0,0,0,0,0,0,0,0,0,0,0,0,0,0,0,0,0,0,0,0,0,0,0,0,0,0,0,0,0,0,0,0,0,0,0,0,0,0,0,0,0,0,0,0,0,0,0,0,0,0,0,0,0,0,0,0,0,0,0,0,0,0,0,0,0,0,0,0,0,0,0,0,0
20,100,0,3.403079,4.443598,20,100,0,3.363709,4.482968,0,133,3.403079,4.443598,0.01,1,3.383394,4.423913,0.01,1,3.373898,4.433409,0.01,12,3.34726,4.433409,0.01,12,3.34726,4.476,0.01,12,3.34726,4.476,0.01,12,3.34726,4.499417,0.01,12,3.344024,4.502654,0.01,12,3.363709,4.482968,0.01,1,0,0,0,0,0,0,0,0,0,0,0,0,0,0,0,0,0,0,0,0,0,0,0,0,0,0,0,0,0,0,0,0,0,0,0,0,0,0,0,0,0,0,0,0,0,0,0,0,0,0,0,0,0,0,0,0,0,0,0,0,0,0,0,0,0,0,0,0,0,0,0,0,0,0,0,0,0,0,0,0,0,0,0,0,0,0,0,0,0,0,0,0,0,0,0,0,0,0,0,0,0,0,0,0,0,0,0,0,0,0,0,0,0,0,0,0,0,0,0,0,0,0,0,0,0,0,0,0,0,0,0,0,0,0,0,0,0,0,0,0,0,0,0,0,0,0,0,0,0,0,0,0,0,0,0,0,0,0,0,0,0,0,0,0,0,0,0,0,0,0,0,0
20,100,0,6.388205,5.984024,20,100,0,3.521189,4.758559,0,133,6.388205,5.984024,0.004,12,6.388205,5.908055,0.004,12,6.38826,5.908,0.004,12,6.38826,5.883,0.004,7,6.37326,5.868,0.004,7,5.69026,5.868,0.004,7,5.47526,5.653,0.004,7,5.47526,5.181,0.004,7,5.05326,4.759,0.004,7,3.560118,4.759,0.004,7,3.540874,4.778244,0.004,7,3.521189,4.758559,0.01,1,0,0,0,0,0,0,0,0,0,0,0,0,0,0,0,0,0,0,0,0,0,0,0,0,0,0,0,0,0,0,0,0,0,0,0,0,0,0,0,0,0,0,0,0,0,0,0,0,0,0,0,0,0,0,0,0,0,0,0,0,0,0,0,0,0,0,0,0,0,0,0,0,0,0,0,0,0,0,0,0,0,0,0,0,0,0,0,0,0,0,0,0,0,0,0,0,0,0,0,0,0,0,0,0,0,0,0,0,0,0,0,0,0,0,0,0,0,0,0,0,0,0,0,0,0,0,0,0,0,0,0,0,0,0,0,0,0,0,0,0,0,0,0,0,0,0,0,0,0,0,0,0,0,0,0,0,0,0,0,0
20,100,0,2.891268,4.797929,20,100,0,1.815508,3.528003,0,133,2.891268,4.797929,0.01,1,2.871583,4.817614,0.01,1,2.758874,4.817614,0.004,6,2.63126,4.69,0.004,6,2.63126,4.244,0.004,6,1.92826,3.541,0.004,6,1.77656,3.541,0.004,6,1.76326,3.5277,0.004,6,1.762956,3.528003,0.004,1,1.815508,3.528003,0.004,1,0,0,0,0,0,0,0,0,0,0,0,0,0,0,0,0,0,0,0,0,0,0,0,0,0,0,0,0,0,0,0,0,0,0,0,0,0,0,0,0,0,0,0,0,0,0,0,0,0,0,0,0,0,0,0,0,0,0,0,0,0,0,0,0,0,0,0,0,0,0,0,0,0,0,0,0,0,0,0,0,0,0,0,0,0,0,0,0,0,0,0,0,0,0,0,0,0,0,0,0,0,0,0,0,0,0,0,0,0,0,0,0,0,0,0,0,0,0,0,0,0,0,0,0,0,0,0,0,0,0,0,0,0,0,0,0,0,0,0,0,0,0,0,0,0,0,0,0,0,0,0,0,0,0,0,0,0,0,0,0,0,0,0,0,0,0,0,0
20,100,0,2.55826,3.580354,20,100,0,2.776488,3.447213,0,133,2.55826,3.580354,0.004,1,2.51226,3.534354,0.004,1,2.51226,3.518,0.004,1,2.53526,3.495,0.004,1,2.62826,3.495,0.004,1,2.68226,3.441,0.004,1,2.73189,3.441,0.004,1,2.73926,3.44837,0.004,1,2.73926,3.44637,0.004,1,2.74426,3.44137,0.004,1,2.751913,3.44137,0.004,1,2.757756,3.447213,0.004,1,2.776488,3.447213,0.004,1,0,0,0,0,0,0,0,0,0,0,0,0,0,0,0,0,0,0,0,0,0,0,0,0,0,0,0,0,0,0,0,0,0,0,0,0,0,0,0,0,0,0,0,0,0,0,0,0,0,0,0,0,0,0,0,0,0,0,0,0,0,0,0,0,0,0,0,0,0,0,0,0,0,0,0,0,0,0,0,0,0,0,0,0,0,0,0,0,0,0,0,0,0,0,0,0,0,0,0,0,0,0,0,0,0,0,0,0,0,0,0,0,0,0,0,0,0,0,0,0,0,0,0,0,0,0,0,0,0,0,0,0,0,0,0,0,0,0,0,0,0,0,0,0,0,0,0,0,0,0,0,0,0,0,0,0
20,100,0,6.427575,5.984024,20,100,0,3.481819,4.837299,0,133,6.427575,5.984024,0.004,12,6.427575,6.064685,0.004,12,6.42789,6.065,0.004,12,6.42826,6.065,0.004,12,6.42826,6.106,0.004,7,6.34526,6.189,0.004,7,5.04526,6.189,0.004,7,5.02276,6.1665,0.004,7,4.37276,6.1665,0.004,7,3.48326,5.277,0.004,7,3.48326,4.875228,0.004,7,3.501488,4.857,0.004,7,3.50126,4.857,0.004,7,3.50152,4.857,0.01,1,3.481819,4.837299,0.01,1,0,0,0,0,0,0,0,0,0,0,0,0,0,0,0,0,0,0,0,0,0,0,0,0,0,0,0,0,0,0,0,0,0,0,0,0,0,0,0,0,0,0,0,0,0,0,0,0,0,0,0,0,0,0,0,0,0,0,0,0,0,0,0,0,0,0,0,0,0,0,0,0,0,0,0,0,0,0,0,0,0,0,0,0,0,0,0,0,0,0,0,0,0,0,0,0,0,0,0,0,0,0,0,0,0,0,0,0,0,0,0,0,0,0,0,0,0,0,0,0,0,0,0,0,0,0,0,0,0,0,0,0,0,0,0,0,0,0,0,0,0,0,0,0,0,0,0,0
20,100,0,1.815508,5.339404,20,100,0,3.127488,5.07352,0,133,1.815508,5.339404,0.004,1,1.913663,5.339404,0.004,1,2.02826,5.454,0.004,1,2.76226,5.454,0.004,1,3.127488,5.088772,0.004,1,3.127488,5.07352,0.004,1,0,0,0,0,0,0,0,0,0,0,0,0,0,0,0,0,0,0,0,0,0,0,0,0,0,0,0,0,0,0,0,0,0,0,0,0,0,0,0,0,0,0,0,0,0,0,0,0,0,0,0,0,0,0,0,0,0,0,0,0,0,0,0,0,0,0,0,0,0,0,0,0,0,0,0,0,0,0,0,0,0,0,0,0,0,0,0,0,0,0,0,0,0,0,0,0,0,0,0,0,0,0,0,0,0,0,0,0,0,0,0,0,0,0,0,0,0,0,0,0,0,0,0,0,0,0,0,0,0,0,0,0,0,0,0,0,0,0,0,0,0,0,0,0,0,0,0,0,0,0,0,0,0,0,0,0,0,0,0,0,0,0,0,0,0,0,0,0,0,0,0,0,0,0,0,0,0,0,0,0,0,0,0,0
20,100,0,2.541496,6.064339,20,100,0,3.048748,4.955409,0,133,2.541496,6.064339,0.004,1,2.608599,6.064339,0.004,1,2.61026,6.066,0.004,1,2.72226,5.954,0.004,3,2.72226,5.715,0.004,3,3.04926,5.388,0.004,3,3.04926,4.995291,0.004,3,3.029063,4.975094,0.004,3,3.048748,4.955409,0.01,1,0,0,0,0,0,0,0,0,0,0,0,0,0,0,0,0,0,0,0,0,0,0,0,0,0,0,0,0,0,0,0,0,0,0,0,0,0,0,0,0,0,0,0,0,0,0,0,0,0,0,0,0,0,0,0,0,0,0,0,0,0,0,0,0,0,0,0,0,0,0,0,0,0,0,0,0,0,0,0,0,0,0,0,0,0,0,0,0,0,0,0,0,0,0,0,0,0,0,0,0,0,0,0,0,0,0,0,0,0,0,0,0,0,0,0,0,0,0,0,0,0,0,0,0,0,0,0,0,0,0,0,0,0,0,0,0,0,0,0,0,0,0,0,0,0,0,0,0,0,0,0,0,0,0,0,0,0,0,0,0,0,0,0,0,0,0,0,0,0,0,0,0
20,100,0,3.442449,4.482968,20,100,0,3.481819,4.561709,0,133,3.442449,4.482968,0.01,1,3.462134,4.463283,0.01,1,3.461417,4.464,0.01,12,3.43026,4.464,0.01,12,3.43026,4.506591,0.01,12,3.43026,4.506591,0.01,12,3.462134,4.538465,0.01,12,3.462134,4.542024,0.01,12,3.481819,4.561709,0.01,1,0,0,0,0,0,0,0,0,0,0,0,0,0,0,0,0,0,0,0,0,0,0,0,0,0,0,0,0,0,0,0,0,0,0,0,0,0,0,0,0,0,0,0,0,0,0,0,0,0,0,0,0,0,0,0,0,0,0,0,0,0,0,0,0,0,0,0,0,0,0,0,0,0,0,0,0,0,0,0,0,0,0,0,0,0,0,0,0,0,0,0,0,0,0,0,0,0,0,0,0,0,0,0,0,0,0,0,0,0,0,0,0,0,0,0,0,0,0,0,0,0,0,0,0,0,0,0,0,0,0,0,0,0,0,0,0,0,0,0,0,0,0,0,0,0,0,0,0,0,0,0,0,0,0,0,0,0,0,0,0,0,0,0,0,0,0,0,0,0,0,-1,0
20,100,0,3.442449,4.482968,20,100,0,3.442449,4.522339,0,133,3.442449,4.482968,0.01,1,3.462134,4.463283,0.01,1,3.461417,4.464,0.01,12,3.43026,4.464,0.01,12,3.43026,4.506591,0.01,12,3.43026,4.506591,0.01,12,3.462134,4.538465,0.01,12,3.462134,4.542024,0.01,12,3.442449,4.522339,0.01,1,0,0,0,0,0,0,0,0,0,0,0,0,0,0,0,0,0,0,0,0,0,0,0,0,0,0,0,0,0,0,0,0,0,0,0,0,0,0,0,0,0,0,0,0,0,0,0,0,0,0,0,0,0,0,0,0,0,0,0,0,0,0,0,0,0,0,0,0,0,0,0,0,0,0,0,0,0,0,0,0,0,0,0,0,0,0,0,0,0,0,0,0,0,0,0,0,0,0,0,0,0,0,0,0,0,0,0,0,0,0,0,0,0,0,0,0,0,0,0,0,0,0,0,0,0,0,0,0,0,0,0,0,0,0,0,0,0,0,0,0,0,0,0,0,0,0,0,0,0,0,0,0,0,0,0,0,0,0,0,0,0,0,0,0,0,0,0,0,0,0,-1,0
20,100,0,3.560559,4.207378,20,100,0,3.560559,4.168008,0,133,3.560559,4.207378,0.01,1,3.580244,4.187693,0.01,1,3.580244,4.209016,0.01,12,3.56226,4.227,0.01,12,3.54826,4.227,0.01,12,3.54826,4.184409,0.01,12,3.54826,4.184409,0.01,12,3.54826,4.180307,0.01,12,3.580244,4.148323,0.01,12,3.560559,4.168008,0.01,1,0,0,0,0,0,0,0,0,0,0,0,0,0,0,0,0,0,0,0,0,0,0,0,0,0,0,0,0,0,0,0,0,0,0,0,0,0,0,0,0,0,0,0,0,0,0,0,0,0,0,0,0,0,0,0,0,0,0,0,0,0,0,0,0,0,0,0,0,0,0,0,0,0,0,0,0,0,0,0,0,0,0,0,0,0,0,0,0,0,0,0,0,0,0,0,0,0,0,0,0,0,0,0,0,0,0,0,0,0,0,0,0,0,0,0,0,0,0,0,0,0,0,0,0,0,0,0,0,0,0,0,0,0,0,0,0,0,0,0,0,0,0,0,0,0,0,0,0,0,0,0,0,0,0,0,0,0,0,0,0,0,0,0,0,0,0,-1,0
20,100,0,3.91489,4.049898,20,100,0,2.930032,3.368472,0,133,3.91489,4.049898,0.01,1,3.934575,4.030213,0.01,1,3.943047,4.030213,0.004,6,3.95026,4.023,0.004,6,3.95026,4.017,0.004,6,3.94726,4.014,0.004,6,3.644946,4.014,0.004,6,3.61326,3.982314,0.004,6,3.60826,3.977314,0.004,6,3.60826,3.710314,0.004,6,3.361946,3.464,0.004,6,3.265946,3.464,0.004,6,3.164576,3.36263,0.004,6,2.97126,3.36263,0.004,6,2.96426,3.36963,0.004,6,2.96426,3.36363,0.004,1,2.96326,3.36263,0.004,1,2.954606,3.36263,0.004,1,2.948764,3.368472,0.004,1,2.930032,3.368472,0.004,1,0,0,0,0,0,0,0,0,0,0,0,0,0,0,0,0,0,0,0,0,0,0,0,0,0,0,0,0,0,0,0,0,0,0,0,0,0,0,0,0,0,0,0,0,0,0,0,0,0,0,0,0,0,0,0,0,0,0,0,0,0,0,0,0,0,0,0,0,0,0,0,0,0,0,0,0,0,0,0,0,0,0,0,0,0,0,0,0,0,0,0,0,0,0,0,0,0,0,0,0,0,0,0,0,0,0,0,0,0,0,0,0,0,0,0,0,0,0,0,0,0,0,0,0,0,0,0,0
20,100,0,3.127488,5.03415,20,100,0,1.634008,4.709503,0,133,3.127488,5.03415,0.01,1,3.107803,5.053835,0.01,1,2.899638,5.262,0.004,6,2.38026,5.262,0.004,6,1.85926,4.741,0.004,6,1.70836,4.741,0.004,6,1.67726,4.7099,0.004,6,1.676863,4.709503,0.004,1,1.634008,4.709503,0.004,1,0,0,0,0,0,0,0,0,0,0,0,0,0,0,0,0,0,0,0,0,0,0,0,0,0,0,0,0,0,0,0,0,0,0,0,0,0,0,0,0,0,0,0,0,0,0,0,0,0,0,0,0,0,0,0,0,0,0,0,0,0,0,0,0,0,0,0,0,0,0,0,0,0,0,0,0,0,0,0,0,0,0,0,0,0,0,0,0,0,0,0,0,0,0,0,0,0,0,0,0,0,0,0,0,0,0,0,0,0,0,0,0,0,0,0,0,0,0,0,0,0,0,0,0,0,0,0,0,0,0,0,0,0,0,0,0,0,0,0,0,0,0,0,0,0,0,0,0,0,0,0,0,0,0,0,0,0,0,0,0,0,0,0,0,0,0,0,0,0,0,0,0
20,100,0,3.048748,4.797929,20,100,0,1.815508,3.646204,0,133,3.048748,4.797929,0.01,1,3.029063,4.817614,0.01,1,3.029063,4.783803,0.004,12,3.00326,4.758,0.004,12,2.72326,4.758,0.004,12,2.68626,4.721,0.004,12,2.68626,4.521,0.004,12,1.88326,3.718,0.004,12,1.83536,3.718,0.004,12,1.76326,3.6459,0.004,12,1.762956,3.646204,0.004,1,1.815508,3.646204,0.004,1,0,0,0,0,0,0,0,0,0,0,0,0,0,0,0,0,0,0,0,0,0,0,0,0,0,0,0,0,0,0,0,0,0,0,0,0,0,0,0,0,0,0,0,0,0,0,0,0,0,0,0,0,0,0,0,0,0,0,0,0,0,0,0,0,0,0,0,0,0,0,0,0,0,0,0,0,0,0,0,0,0,0,0,0,0,0,0,0,0,0,0,0,0,0,0,0,0,0,0,0,0,0,0,0,0,0,0,0,0,0,0,0,0,0,0,0,0,0,0,0,0,0,0,0,0,0,0,0,0,0,0,0,0,0,0,0,0,0,0,0,0,0,0,0,0,0,0,0,0,0,0,0,0,0,0,0,0,0,0,0
20,100,0,3.009378,4.916039,20,100,0,1.815508,3.862903,0,133,3.009378,4.916039,0.01,1,2.989693,4.935724,0.01,1,2.969968,4.916,0.004,12,2.85326,4.916,0.004,12,2.83426,4.897,0.004,12,2.68126,4.897,0.004,12,2.58526,4.801,0.004,12,2.58526,4.578,0.004,12,1.870163,3.862903,0.004,12,1.869863,3.862903,0.004,12,1.815508,3.862903,0.004,1,0,0,0,0,0,0,0,0,0,0,0,0,0,0,0,0,0,0,0,0,0,0,0,0,0,0,0,0,0,0,0,0,0,0,0,0,0,0,0,0,0,0,0,0,0,0,0,0,0,0,0,0,0,0,0,0,0,0,0,0,0,0,0,0,0,0,0,0,0,0,0,0,0,0,0,0,0,0,0,0,0,0,0,0,0,0,0,0,0,0,0,0,0,0,0,0,0,0,0,0,0,0,0,0,0,0,0,0,0,0,0,0,0,0,0,0,0,0,0,0,0,0,0,0,0,0,0,0,0,0,0,0,0,0,0,0,0,0,0,0,0,0,0,0,0,0,0,0,0,0,0,0,0,0,0,0,0,0,0,0,0,0,0,0
20,100,0,5.316953,5.44537,20,100,0,4.833748,5.46948,0,133,5.316953,5.44537,0.004,1,5.306488,5.44537,0.004,1,5.301118,5.44,0.004,1,5.244574,5.44,0.004,1,5.194574,5.49,0.004,1,4.92826,5.49,0.004,1,4.895992,5.457732,0.004,1,4.854638,5.457732,0.004,1,4.84289,5.46948,0.004,1,4.833748,5.46948,0.004,1,0,0,0,0,0,0,0,0,0,0,0,0,0,0,0,0,0,0,0,0,0,0,0,0,0,0,0,0,0,0,0,0,0,0,0,0,0,0,0,0,0,0,0,0,0,0,0,0,0,0,0,0,0,0,0,0,0,0,0,0,0,0,0,0,0,0,0,0,0,0,0,0,0,0,0,0,0,0,0,0,0,0,0,0,0,0,0,0,0,0,0,0,0,0,0,0,0,0,0,0,0,0,0,0,0,0,0,0,0,0,0,0,0,0,0,0,0,0,0,0,0,0,0,0,0,0,0,0,0,0,0,0,0,0,0,0,0,0,0,0,0,0,0,0,0,0,0,0,0,0,0,0,0,0,0,0,0,0,0,0,0,0,0,0,0,0,0,0
20,100,0,5.36026,5.36663,20,100,0,5.316953,5.36663,0,133,5.36026,5.36663,0.004,1,5.349795,5.36663,0.004,1,5.343953,5.372472,0.004,1,5.33326,5.372472,0.004,1,5.327417,5.36663,0.004,1,5.316953,5.36663,0.004,1,0,0,0,0,0,0,0,0,0,0,0,0,0,0,0,0,0,0,0,0,0,0,0,0,0,0,0,0,0,0,0,0,0,0,0,0,0,0,0,0,0,0,0,0,0,0,0,0,0,0,0,0,0,0,0,0,0,0,0,0,0,0,0,0,0,0,0,0,0,0,0,0,0,0,0,0,0,0,0,0,0,0,0,0,0,0,0,0,0,0,0,0,0,0,0,0,0,0,0,0,0,0,0,0,0,0,0,0,0,0,0,0,0,0,0,0,0,0,0,0,0,0,0,0,0,0,0,0,0,0,0,0,0,0,0,0,0,0,0,0,0,0,0,0,0,0,0,0,0,0,0,0,0,0,0,0,0,0,0,0,0,0,0,0,0,0,0,0,0,0,0,0,0,0,0,0,0,0,0,0,0,0,0,0
20,100,0,5.36026,5.36663,20,100,0,4.833748,5.374992,0,133,5.36026,5.36663,0.004,1,5.349795,5.36663,0.004,1,5.343953,5.372472,0.004,1,5.33326,5.372472,0.004,1,5.327417,5.36663,0.004,1,5.316953,5.36663,0.004,1,5.306488,5.36663,0.004,1,5.300118,5.373,0.004,1,5.23726,5.373,0.004,1,5.204264,5.405996,0.004,1,5.099846,5.405996,0.004,1,5.07785,5.384,0.004,1,5.03526,5.384,0.004,1,5.03526,5.384,0.004,1,5.013264,5.405996,0.004,1,4.936829,5.405996,0.004,1,4.917574,5.38674,0.004,1,4.854638,5.38674,0.004,1,4.84289,5.374992,0.004,1,4.833748,5.374992,0.004,1,0,0,0,0,0,0,0,0,0,0,0,0,0,0,0,0,0,0,0,0,0,0,0,0,0,0,0,0,0,0,0,0,0,0,0,0,0,0,0,0,0,0,0,0,0,0,0,0,0,0,0,0,0,0,0,0,0,0,0,0,0,0,0,0,0,0,0,0,0,0,0,0,0,0,0,0,0,0,0,0,0,0,0,0,0,0,0,0,0,0,0,0,0,0,0,0,0,0,0,0,0,0,0,0,0,0,0,0,0,0,0,0,0,0,0,0,0,0,0,0,0,0,0,0,0,0,0,0